# Generated 3D Mesh for Chronicles of Dominion
mtllib ziggurat_monument.mtl
v -15.0000 0.0000 15.0000
v 15.0000 0.0000 15.0000
v 15.0000 0.8000 15.0000
v -15.0000 0.8000 15.0000
v -15.0000 0.0000 -15.0000
v 15.0000 0.0000 -15.0000
v 15.0000 0.8000 -15.0000
v -15.0000 0.8000 -15.0000
v -12.0000 0.8000 12.0000
v 12.0000 0.8000 12.0000
v 10.5000 4.4000 10.5000
v -10.5000 4.4000 10.5000
v -12.0000 0.8000 -12.0000
v 12.0000 0.8000 -12.0000
v 10.5000 4.4000 -10.5000
v -10.5000 4.4000 -10.5000
v -7.4500 0.8000 11.1000
v -6.5500 0.8000 11.1000
v -6.5500 4.4000 11.1000
v -7.4500 4.4000 11.1000
v -7.4500 0.8000 10.5000
v -6.5500 0.8000 10.5000
v -6.5500 4.4000 10.5000
v -7.4500 4.4000 10.5000
v -7.4500 0.8000 -10.5000
v -6.5500 0.8000 -10.5000
v -6.5500 4.4000 -10.5000
v -7.4500 4.4000 -10.5000
v -7.4500 0.8000 -11.1000
v -6.5500 0.8000 -11.1000
v -6.5500 4.4000 -11.1000
v -7.4500 4.4000 -11.1000
v -11.1000 0.8000 -6.5500
v -10.5000 0.8000 -6.5500
v -10.5000 4.4000 -6.5500
v -11.1000 4.4000 -6.5500
v -11.1000 0.8000 -7.4500
v -10.5000 0.8000 -7.4500
v -10.5000 4.4000 -7.4500
v -11.1000 4.4000 -7.4500
v 10.5000 0.8000 -6.5500
v 11.1000 0.8000 -6.5500
v 11.1000 4.4000 -6.5500
v 10.5000 4.4000 -6.5500
v 10.5000 0.8000 -7.4500
v 11.1000 0.8000 -7.4500
v 11.1000 4.4000 -7.4500
v 10.5000 4.4000 -7.4500
v -3.9500 0.8000 11.1000
v -3.0500 0.8000 11.1000
v -3.0500 4.4000 11.1000
v -3.9500 4.4000 11.1000
v -3.9500 0.8000 10.5000
v -3.0500 0.8000 10.5000
v -3.0500 4.4000 10.5000
v -3.9500 4.4000 10.5000
v -3.9500 0.8000 -10.5000
v -3.0500 0.8000 -10.5000
v -3.0500 4.4000 -10.5000
v -3.9500 4.4000 -10.5000
v -3.9500 0.8000 -11.1000
v -3.0500 0.8000 -11.1000
v -3.0500 4.4000 -11.1000
v -3.9500 4.4000 -11.1000
v -11.1000 0.8000 -3.0500
v -10.5000 0.8000 -3.0500
v -10.5000 4.4000 -3.0500
v -11.1000 4.4000 -3.0500
v -11.1000 0.8000 -3.9500
v -10.5000 0.8000 -3.9500
v -10.5000 4.4000 -3.9500
v -11.1000 4.4000 -3.9500
v 10.5000 0.8000 -3.0500
v 11.1000 0.8000 -3.0500
v 11.1000 4.4000 -3.0500
v 10.5000 4.4000 -3.0500
v 10.5000 0.8000 -3.9500
v 11.1000 0.8000 -3.9500
v 11.1000 4.4000 -3.9500
v 10.5000 4.4000 -3.9500
v -0.4500 0.8000 11.1000
v 0.4500 0.8000 11.1000
v 0.4500 4.4000 11.1000
v -0.4500 4.4000 11.1000
v -0.4500 0.8000 10.5000
v 0.4500 0.8000 10.5000
v 0.4500 4.4000 10.5000
v -0.4500 4.4000 10.5000
v -0.4500 0.8000 -10.5000
v 0.4500 0.8000 -10.5000
v 0.4500 4.4000 -10.5000
v -0.4500 4.4000 -10.5000
v -0.4500 0.8000 -11.1000
v 0.4500 0.8000 -11.1000
v 0.4500 4.4000 -11.1000
v -0.4500 4.4000 -11.1000
v -11.1000 0.8000 0.4500
v -10.5000 0.8000 0.4500
v -10.5000 4.4000 0.4500
v -11.1000 4.4000 0.4500
v -11.1000 0.8000 -0.4500
v -10.5000 0.8000 -0.4500
v -10.5000 4.4000 -0.4500
v -11.1000 4.4000 -0.4500
v 10.5000 0.8000 0.4500
v 11.1000 0.8000 0.4500
v 11.1000 4.4000 0.4500
v 10.5000 4.4000 0.4500
v 10.5000 0.8000 -0.4500
v 11.1000 0.8000 -0.4500
v 11.1000 4.4000 -0.4500
v 10.5000 4.4000 -0.4500
v 3.0500 0.8000 11.1000
v 3.9500 0.8000 11.1000
v 3.9500 4.4000 11.1000
v 3.0500 4.4000 11.1000
v 3.0500 0.8000 10.5000
v 3.9500 0.8000 10.5000
v 3.9500 4.4000 10.5000
v 3.0500 4.4000 10.5000
v 3.0500 0.8000 -10.5000
v 3.9500 0.8000 -10.5000
v 3.9500 4.4000 -10.5000
v 3.0500 4.4000 -10.5000
v 3.0500 0.8000 -11.1000
v 3.9500 0.8000 -11.1000
v 3.9500 4.4000 -11.1000
v 3.0500 4.4000 -11.1000
v -11.1000 0.8000 3.9500
v -10.5000 0.8000 3.9500
v -10.5000 4.4000 3.9500
v -11.1000 4.4000 3.9500
v -11.1000 0.8000 3.0500
v -10.5000 0.8000 3.0500
v -10.5000 4.4000 3.0500
v -11.1000 4.4000 3.0500
v 10.5000 0.8000 3.9500
v 11.1000 0.8000 3.9500
v 11.1000 4.4000 3.9500
v 10.5000 4.4000 3.9500
v 10.5000 0.8000 3.0500
v 11.1000 0.8000 3.0500
v 11.1000 4.4000 3.0500
v 10.5000 4.4000 3.0500
v 6.5500 0.8000 11.1000
v 7.4500 0.8000 11.1000
v 7.4500 4.4000 11.1000
v 6.5500 4.4000 11.1000
v 6.5500 0.8000 10.5000
v 7.4500 0.8000 10.5000
v 7.4500 4.4000 10.5000
v 6.5500 4.4000 10.5000
v 6.5500 0.8000 -10.5000
v 7.4500 0.8000 -10.5000
v 7.4500 4.4000 -10.5000
v 6.5500 4.4000 -10.5000
v 6.5500 0.8000 -11.1000
v 7.4500 0.8000 -11.1000
v 7.4500 4.4000 -11.1000
v 6.5500 4.4000 -11.1000
v -11.1000 0.8000 7.4500
v -10.5000 0.8000 7.4500
v -10.5000 4.4000 7.4500
v -11.1000 4.4000 7.4500
v -11.1000 0.8000 6.5500
v -10.5000 0.8000 6.5500
v -10.5000 4.4000 6.5500
v -11.1000 4.4000 6.5500
v 10.5000 0.8000 7.4500
v 11.1000 0.8000 7.4500
v 11.1000 4.4000 7.4500
v 10.5000 4.4000 7.4500
v 10.5000 0.8000 6.5500
v 11.1000 0.8000 6.5500
v 11.1000 4.4000 6.5500
v 10.5000 4.4000 6.5500
v -8.2500 4.4000 8.2500
v 8.2500 4.4000 8.2500
v 6.7500 7.4000 6.7500
v -6.7500 7.4000 6.7500
v -8.2500 4.4000 -8.2500
v 8.2500 4.4000 -8.2500
v 6.7500 7.4000 -6.7500
v -6.7500 7.4000 -6.7500
v -3.6000 4.4000 7.2500
v -2.9000 4.4000 7.2500
v -2.9000 7.4000 7.2500
v -3.6000 7.4000 7.2500
v -3.6000 4.4000 6.7500
v -2.9000 4.4000 6.7500
v -2.9000 7.4000 6.7500
v -3.6000 7.4000 6.7500
v -3.6000 4.4000 -6.7500
v -2.9000 4.4000 -6.7500
v -2.9000 7.4000 -6.7500
v -3.6000 7.4000 -6.7500
v -3.6000 4.4000 -7.2500
v -2.9000 4.4000 -7.2500
v -2.9000 7.4000 -7.2500
v -3.6000 7.4000 -7.2500
v -7.2500 4.4000 -2.9000
v -6.7500 4.4000 -2.9000
v -6.7500 7.4000 -2.9000
v -7.2500 7.4000 -2.9000
v -7.2500 4.4000 -3.6000
v -6.7500 4.4000 -3.6000
v -6.7500 7.4000 -3.6000
v -7.2500 7.4000 -3.6000
v 6.7500 4.4000 -2.9000
v 7.2500 4.4000 -2.9000
v 7.2500 7.4000 -2.9000
v 6.7500 7.4000 -2.9000
v 6.7500 4.4000 -3.6000
v 7.2500 4.4000 -3.6000
v 7.2500 7.4000 -3.6000
v 6.7500 7.4000 -3.6000
v -0.3500 4.4000 7.2500
v 0.3500 4.4000 7.2500
v 0.3500 7.4000 7.2500
v -0.3500 7.4000 7.2500
v -0.3500 4.4000 6.7500
v 0.3500 4.4000 6.7500
v 0.3500 7.4000 6.7500
v -0.3500 7.4000 6.7500
v -0.3500 4.4000 -6.7500
v 0.3500 4.4000 -6.7500
v 0.3500 7.4000 -6.7500
v -0.3500 7.4000 -6.7500
v -0.3500 4.4000 -7.2500
v 0.3500 4.4000 -7.2500
v 0.3500 7.4000 -7.2500
v -0.3500 7.4000 -7.2500
v -7.2500 4.4000 0.3500
v -6.7500 4.4000 0.3500
v -6.7500 7.4000 0.3500
v -7.2500 7.4000 0.3500
v -7.2500 4.4000 -0.3500
v -6.7500 4.4000 -0.3500
v -6.7500 7.4000 -0.3500
v -7.2500 7.4000 -0.3500
v 6.7500 4.4000 0.3500
v 7.2500 4.4000 0.3500
v 7.2500 7.4000 0.3500
v 6.7500 7.4000 0.3500
v 6.7500 4.4000 -0.3500
v 7.2500 4.4000 -0.3500
v 7.2500 7.4000 -0.3500
v 6.7500 7.4000 -0.3500
v 2.9000 4.4000 7.2500
v 3.6000 4.4000 7.2500
v 3.6000 7.4000 7.2500
v 2.9000 7.4000 7.2500
v 2.9000 4.4000 6.7500
v 3.6000 4.4000 6.7500
v 3.6000 7.4000 6.7500
v 2.9000 7.4000 6.7500
v 2.9000 4.4000 -6.7500
v 3.6000 4.4000 -6.7500
v 3.6000 7.4000 -6.7500
v 2.9000 7.4000 -6.7500
v 2.9000 4.4000 -7.2500
v 3.6000 4.4000 -7.2500
v 3.6000 7.4000 -7.2500
v 2.9000 7.4000 -7.2500
v -7.2500 4.4000 3.6000
v -6.7500 4.4000 3.6000
v -6.7500 7.4000 3.6000
v -7.2500 7.4000 3.6000
v -7.2500 4.4000 2.9000
v -6.7500 4.4000 2.9000
v -6.7500 7.4000 2.9000
v -7.2500 7.4000 2.9000
v 6.7500 4.4000 3.6000
v 7.2500 4.4000 3.6000
v 7.2500 7.4000 3.6000
v 6.7500 7.4000 3.6000
v 6.7500 4.4000 2.9000
v 7.2500 4.4000 2.9000
v 7.2500 7.4000 2.9000
v 6.7500 7.4000 2.9000
v -5.0000 7.4000 5.0000
v 5.0000 7.4000 5.0000
v 4.1000 9.8000 4.1000
v -4.1000 9.8000 4.1000
v -5.0000 7.4000 -5.0000
v 5.0000 7.4000 -5.0000
v 4.1000 9.8000 -4.1000
v -4.1000 9.8000 -4.1000
v -2.6000 9.8000 2.6000
v 2.6000 9.8000 2.6000
v 2.6000 12.8000 2.6000
v -2.6000 12.8000 2.6000
v -2.6000 9.8000 -2.6000
v 2.6000 9.8000 -2.6000
v 2.6000 12.8000 -2.6000
v -2.6000 12.8000 -2.6000
v -2.8000 12.7500 2.8000
v 2.8000 12.7500 2.8000
v 2.8000 13.0500 2.8000
v -2.8000 13.0500 2.8000
v -2.8000 12.7500 -2.8000
v 2.8000 12.7500 -2.8000
v 2.8000 13.0500 -2.8000
v -2.8000 13.0500 -2.8000
v -0.9000 9.8000 2.8000
v 0.9000 9.8000 2.8000
v 0.9000 11.8000 2.8000
v -0.9000 11.8000 2.8000
v -0.9000 9.8000 2.5000
v 0.9000 9.8000 2.5000
v 0.9000 11.8000 2.5000
v -0.9000 11.8000 2.5000
v -1.7000 0.8000 19.4000
v 1.7000 0.8000 19.4000
v 1.7000 1.1000 19.4000
v -1.7000 1.1000 19.4000
v -1.7000 0.8000 18.6000
v 1.7000 0.8000 18.6000
v 1.7000 1.1000 18.6000
v -1.7000 1.1000 18.6000
v -1.9750 0.8000 19.4000
v -1.6250 0.8000 19.4000
v -1.6250 1.4000 19.4000
v -1.9750 1.4000 19.4000
v -1.9750 0.8000 18.6000
v -1.6250 0.8000 18.6000
v -1.6250 1.4000 18.6000
v -1.9750 1.4000 18.6000
v 1.6250 0.8000 19.4000
v 1.9750 0.8000 19.4000
v 1.9750 1.4000 19.4000
v 1.6250 1.4000 19.4000
v 1.6250 0.8000 18.6000
v 1.9750 0.8000 18.6000
v 1.9750 1.4000 18.6000
v 1.6250 1.4000 18.6000
v -1.7000 1.0250 18.9000
v 1.7000 1.0250 18.9000
v 1.7000 1.3250 18.9000
v -1.7000 1.3250 18.9000
v -1.7000 1.0250 18.1000
v 1.7000 1.0250 18.1000
v 1.7000 1.3250 18.1000
v -1.7000 1.3250 18.1000
v -1.9750 1.0250 18.9000
v -1.6250 1.0250 18.9000
v -1.6250 1.6250 18.9000
v -1.9750 1.6250 18.9000
v -1.9750 1.0250 18.1000
v -1.6250 1.0250 18.1000
v -1.6250 1.6250 18.1000
v -1.9750 1.6250 18.1000
v 1.6250 1.0250 18.9000
v 1.9750 1.0250 18.9000
v 1.9750 1.6250 18.9000
v 1.6250 1.6250 18.9000
v 1.6250 1.0250 18.1000
v 1.9750 1.0250 18.1000
v 1.9750 1.6250 18.1000
v 1.6250 1.6250 18.1000
v -1.7000 1.2500 18.4000
v 1.7000 1.2500 18.4000
v 1.7000 1.5500 18.4000
v -1.7000 1.5500 18.4000
v -1.7000 1.2500 17.6000
v 1.7000 1.2500 17.6000
v 1.7000 1.5500 17.6000
v -1.7000 1.5500 17.6000
v -1.9750 1.2500 18.4000
v -1.6250 1.2500 18.4000
v -1.6250 1.8500 18.4000
v -1.9750 1.8500 18.4000
v -1.9750 1.2500 17.6000
v -1.6250 1.2500 17.6000
v -1.6250 1.8500 17.6000
v -1.9750 1.8500 17.6000
v 1.6250 1.2500 18.4000
v 1.9750 1.2500 18.4000
v 1.9750 1.8500 18.4000
v 1.6250 1.8500 18.4000
v 1.6250 1.2500 17.6000
v 1.9750 1.2500 17.6000
v 1.9750 1.8500 17.6000
v 1.6250 1.8500 17.6000
v -1.7000 1.4750 17.9000
v 1.7000 1.4750 17.9000
v 1.7000 1.7750 17.9000
v -1.7000 1.7750 17.9000
v -1.7000 1.4750 17.1000
v 1.7000 1.4750 17.1000
v 1.7000 1.7750 17.1000
v -1.7000 1.7750 17.1000
v -1.9750 1.4750 17.9000
v -1.6250 1.4750 17.9000
v -1.6250 2.0750 17.9000
v -1.9750 2.0750 17.9000
v -1.9750 1.4750 17.1000
v -1.6250 1.4750 17.1000
v -1.6250 2.0750 17.1000
v -1.9750 2.0750 17.1000
v 1.6250 1.4750 17.9000
v 1.9750 1.4750 17.9000
v 1.9750 2.0750 17.9000
v 1.6250 2.0750 17.9000
v 1.6250 1.4750 17.1000
v 1.9750 1.4750 17.1000
v 1.9750 2.0750 17.1000
v 1.6250 2.0750 17.1000
v -1.7000 1.7000 17.4000
v 1.7000 1.7000 17.4000
v 1.7000 2.0000 17.4000
v -1.7000 2.0000 17.4000
v -1.7000 1.7000 16.6000
v 1.7000 1.7000 16.6000
v 1.7000 2.0000 16.6000
v -1.7000 2.0000 16.6000
v -1.9750 1.7000 17.4000
v -1.6250 1.7000 17.4000
v -1.6250 2.3000 17.4000
v -1.9750 2.3000 17.4000
v -1.9750 1.7000 16.6000
v -1.6250 1.7000 16.6000
v -1.6250 2.3000 16.6000
v -1.9750 2.3000 16.6000
v 1.6250 1.7000 17.4000
v 1.9750 1.7000 17.4000
v 1.9750 2.3000 17.4000
v 1.6250 2.3000 17.4000
v 1.6250 1.7000 16.6000
v 1.9750 1.7000 16.6000
v 1.9750 2.3000 16.6000
v 1.6250 2.3000 16.6000
v -1.7000 1.9250 16.9000
v 1.7000 1.9250 16.9000
v 1.7000 2.2250 16.9000
v -1.7000 2.2250 16.9000
v -1.7000 1.9250 16.1000
v 1.7000 1.9250 16.1000
v 1.7000 2.2250 16.1000
v -1.7000 2.2250 16.1000
v -1.9750 1.9250 16.9000
v -1.6250 1.9250 16.9000
v -1.6250 2.5250 16.9000
v -1.9750 2.5250 16.9000
v -1.9750 1.9250 16.1000
v -1.6250 1.9250 16.1000
v -1.6250 2.5250 16.1000
v -1.9750 2.5250 16.1000
v 1.6250 1.9250 16.9000
v 1.9750 1.9250 16.9000
v 1.9750 2.5250 16.9000
v 1.6250 2.5250 16.9000
v 1.6250 1.9250 16.1000
v 1.9750 1.9250 16.1000
v 1.9750 2.5250 16.1000
v 1.6250 2.5250 16.1000
v -1.7000 2.1500 16.4000
v 1.7000 2.1500 16.4000
v 1.7000 2.4500 16.4000
v -1.7000 2.4500 16.4000
v -1.7000 2.1500 15.6000
v 1.7000 2.1500 15.6000
v 1.7000 2.4500 15.6000
v -1.7000 2.4500 15.6000
v -1.9750 2.1500 16.4000
v -1.6250 2.1500 16.4000
v -1.6250 2.7500 16.4000
v -1.9750 2.7500 16.4000
v -1.9750 2.1500 15.6000
v -1.6250 2.1500 15.6000
v -1.6250 2.7500 15.6000
v -1.9750 2.7500 15.6000
v 1.6250 2.1500 16.4000
v 1.9750 2.1500 16.4000
v 1.9750 2.7500 16.4000
v 1.6250 2.7500 16.4000
v 1.6250 2.1500 15.6000
v 1.9750 2.1500 15.6000
v 1.9750 2.7500 15.6000
v 1.6250 2.7500 15.6000
v -1.7000 2.3750 15.9000
v 1.7000 2.3750 15.9000
v 1.7000 2.6750 15.9000
v -1.7000 2.6750 15.9000
v -1.7000 2.3750 15.1000
v 1.7000 2.3750 15.1000
v 1.7000 2.6750 15.1000
v -1.7000 2.6750 15.1000
v -1.9750 2.3750 15.9000
v -1.6250 2.3750 15.9000
v -1.6250 2.9750 15.9000
v -1.9750 2.9750 15.9000
v -1.9750 2.3750 15.1000
v -1.6250 2.3750 15.1000
v -1.6250 2.9750 15.1000
v -1.9750 2.9750 15.1000
v 1.6250 2.3750 15.9000
v 1.9750 2.3750 15.9000
v 1.9750 2.9750 15.9000
v 1.6250 2.9750 15.9000
v 1.6250 2.3750 15.1000
v 1.9750 2.3750 15.1000
v 1.9750 2.9750 15.1000
v 1.6250 2.9750 15.1000
v -1.7000 2.6000 15.4000
v 1.7000 2.6000 15.4000
v 1.7000 2.9000 15.4000
v -1.7000 2.9000 15.4000
v -1.7000 2.6000 14.6000
v 1.7000 2.6000 14.6000
v 1.7000 2.9000 14.6000
v -1.7000 2.9000 14.6000
v -1.9750 2.6000 15.4000
v -1.6250 2.6000 15.4000
v -1.6250 3.2000 15.4000
v -1.9750 3.2000 15.4000
v -1.9750 2.6000 14.6000
v -1.6250 2.6000 14.6000
v -1.6250 3.2000 14.6000
v -1.9750 3.2000 14.6000
v 1.6250 2.6000 15.4000
v 1.9750 2.6000 15.4000
v 1.9750 3.2000 15.4000
v 1.6250 3.2000 15.4000
v 1.6250 2.6000 14.6000
v 1.9750 2.6000 14.6000
v 1.9750 3.2000 14.6000
v 1.6250 3.2000 14.6000
v -1.7000 2.8250 14.9000
v 1.7000 2.8250 14.9000
v 1.7000 3.1250 14.9000
v -1.7000 3.1250 14.9000
v -1.7000 2.8250 14.1000
v 1.7000 2.8250 14.1000
v 1.7000 3.1250 14.1000
v -1.7000 3.1250 14.1000
v -1.9750 2.8250 14.9000
v -1.6250 2.8250 14.9000
v -1.6250 3.4250 14.9000
v -1.9750 3.4250 14.9000
v -1.9750 2.8250 14.1000
v -1.6250 2.8250 14.1000
v -1.6250 3.4250 14.1000
v -1.9750 3.4250 14.1000
v 1.6250 2.8250 14.9000
v 1.9750 2.8250 14.9000
v 1.9750 3.4250 14.9000
v 1.6250 3.4250 14.9000
v 1.6250 2.8250 14.1000
v 1.9750 2.8250 14.1000
v 1.9750 3.4250 14.1000
v 1.6250 3.4250 14.1000
v -1.7000 3.0500 14.4000
v 1.7000 3.0500 14.4000
v 1.7000 3.3500 14.4000
v -1.7000 3.3500 14.4000
v -1.7000 3.0500 13.6000
v 1.7000 3.0500 13.6000
v 1.7000 3.3500 13.6000
v -1.7000 3.3500 13.6000
v -1.9750 3.0500 14.4000
v -1.6250 3.0500 14.4000
v -1.6250 3.6500 14.4000
v -1.9750 3.6500 14.4000
v -1.9750 3.0500 13.6000
v -1.6250 3.0500 13.6000
v -1.6250 3.6500 13.6000
v -1.9750 3.6500 13.6000
v 1.6250 3.0500 14.4000
v 1.9750 3.0500 14.4000
v 1.9750 3.6500 14.4000
v 1.6250 3.6500 14.4000
v 1.6250 3.0500 13.6000
v 1.9750 3.0500 13.6000
v 1.9750 3.6500 13.6000
v 1.6250 3.6500 13.6000
v -1.7000 3.2750 13.9000
v 1.7000 3.2750 13.9000
v 1.7000 3.5750 13.9000
v -1.7000 3.5750 13.9000
v -1.7000 3.2750 13.1000
v 1.7000 3.2750 13.1000
v 1.7000 3.5750 13.1000
v -1.7000 3.5750 13.1000
v -1.9750 3.2750 13.9000
v -1.6250 3.2750 13.9000
v -1.6250 3.8750 13.9000
v -1.9750 3.8750 13.9000
v -1.9750 3.2750 13.1000
v -1.6250 3.2750 13.1000
v -1.6250 3.8750 13.1000
v -1.9750 3.8750 13.1000
v 1.6250 3.2750 13.9000
v 1.9750 3.2750 13.9000
v 1.9750 3.8750 13.9000
v 1.6250 3.8750 13.9000
v 1.6250 3.2750 13.1000
v 1.9750 3.2750 13.1000
v 1.9750 3.8750 13.1000
v 1.6250 3.8750 13.1000
v -1.7000 3.5000 13.4000
v 1.7000 3.5000 13.4000
v 1.7000 3.8000 13.4000
v -1.7000 3.8000 13.4000
v -1.7000 3.5000 12.6000
v 1.7000 3.5000 12.6000
v 1.7000 3.8000 12.6000
v -1.7000 3.8000 12.6000
v -1.9750 3.5000 13.4000
v -1.6250 3.5000 13.4000
v -1.6250 4.1000 13.4000
v -1.9750 4.1000 13.4000
v -1.9750 3.5000 12.6000
v -1.6250 3.5000 12.6000
v -1.6250 4.1000 12.6000
v -1.9750 4.1000 12.6000
v 1.6250 3.5000 13.4000
v 1.9750 3.5000 13.4000
v 1.9750 4.1000 13.4000
v 1.6250 4.1000 13.4000
v 1.6250 3.5000 12.6000
v 1.9750 3.5000 12.6000
v 1.9750 4.1000 12.6000
v 1.6250 4.1000 12.6000
v -1.7000 3.7250 12.9000
v 1.7000 3.7250 12.9000
v 1.7000 4.0250 12.9000
v -1.7000 4.0250 12.9000
v -1.7000 3.7250 12.1000
v 1.7000 3.7250 12.1000
v 1.7000 4.0250 12.1000
v -1.7000 4.0250 12.1000
v -1.9750 3.7250 12.9000
v -1.6250 3.7250 12.9000
v -1.6250 4.3250 12.9000
v -1.9750 4.3250 12.9000
v -1.9750 3.7250 12.1000
v -1.6250 3.7250 12.1000
v -1.6250 4.3250 12.1000
v -1.9750 4.3250 12.1000
v 1.6250 3.7250 12.9000
v 1.9750 3.7250 12.9000
v 1.9750 4.3250 12.9000
v 1.6250 4.3250 12.9000
v 1.6250 3.7250 12.1000
v 1.9750 3.7250 12.1000
v 1.9750 4.3250 12.1000
v 1.6250 4.3250 12.1000
v -1.7000 3.9500 12.4000
v 1.7000 3.9500 12.4000
v 1.7000 4.2500 12.4000
v -1.7000 4.2500 12.4000
v -1.7000 3.9500 11.6000
v 1.7000 3.9500 11.6000
v 1.7000 4.2500 11.6000
v -1.7000 4.2500 11.6000
v -1.9750 3.9500 12.4000
v -1.6250 3.9500 12.4000
v -1.6250 4.5500 12.4000
v -1.9750 4.5500 12.4000
v -1.9750 3.9500 11.6000
v -1.6250 3.9500 11.6000
v -1.6250 4.5500 11.6000
v -1.9750 4.5500 11.6000
v 1.6250 3.9500 12.4000
v 1.9750 3.9500 12.4000
v 1.9750 4.5500 12.4000
v 1.6250 4.5500 12.4000
v 1.6250 3.9500 11.6000
v 1.9750 3.9500 11.6000
v 1.9750 4.5500 11.6000
v 1.6250 4.5500 11.6000
v -1.7000 4.1750 11.9000
v 1.7000 4.1750 11.9000
v 1.7000 4.4750 11.9000
v -1.7000 4.4750 11.9000
v -1.7000 4.1750 11.1000
v 1.7000 4.1750 11.1000
v 1.7000 4.4750 11.1000
v -1.7000 4.4750 11.1000
v -1.9750 4.1750 11.9000
v -1.6250 4.1750 11.9000
v -1.6250 4.7750 11.9000
v -1.9750 4.7750 11.9000
v -1.9750 4.1750 11.1000
v -1.6250 4.1750 11.1000
v -1.6250 4.7750 11.1000
v -1.9750 4.7750 11.1000
v 1.6250 4.1750 11.9000
v 1.9750 4.1750 11.9000
v 1.9750 4.7750 11.9000
v 1.6250 4.7750 11.9000
v 1.6250 4.1750 11.1000
v 1.9750 4.1750 11.1000
v 1.9750 4.7750 11.1000
v 1.6250 4.7750 11.1000
v -10.9000 0.8000 12.1000
v -10.1000 0.8000 12.1000
v -10.1000 1.1000 12.1000
v -10.9000 1.1000 12.1000
v -10.9000 0.8000 10.3000
v -10.1000 0.8000 10.3000
v -10.1000 1.1000 10.3000
v -10.9000 1.1000 10.3000
v -10.2750 1.1000 12.1000
v -9.4750 1.1000 12.1000
v -9.4750 1.4000 12.1000
v -10.2750 1.4000 12.1000
v -10.2750 1.1000 10.3000
v -9.4750 1.1000 10.3000
v -9.4750 1.4000 10.3000
v -10.2750 1.4000 10.3000
v -9.6500 1.4000 12.1000
v -8.8500 1.4000 12.1000
v -8.8500 1.7000 12.1000
v -9.6500 1.7000 12.1000
v -9.6500 1.4000 10.3000
v -8.8500 1.4000 10.3000
v -8.8500 1.7000 10.3000
v -9.6500 1.7000 10.3000
v -9.0250 1.7000 12.1000
v -8.2250 1.7000 12.1000
v -8.2250 2.0000 12.1000
v -9.0250 2.0000 12.1000
v -9.0250 1.7000 10.3000
v -8.2250 1.7000 10.3000
v -8.2250 2.0000 10.3000
v -9.0250 2.0000 10.3000
v -8.4000 2.0000 12.1000
v -7.6000 2.0000 12.1000
v -7.6000 2.3000 12.1000
v -8.4000 2.3000 12.1000
v -8.4000 2.0000 10.3000
v -7.6000 2.0000 10.3000
v -7.6000 2.3000 10.3000
v -8.4000 2.3000 10.3000
v -7.7750 2.3000 12.1000
v -6.9750 2.3000 12.1000
v -6.9750 2.6000 12.1000
v -7.7750 2.6000 12.1000
v -7.7750 2.3000 10.3000
v -6.9750 2.3000 10.3000
v -6.9750 2.6000 10.3000
v -7.7750 2.6000 10.3000
v -7.1500 2.6000 12.1000
v -6.3500 2.6000 12.1000
v -6.3500 2.9000 12.1000
v -7.1500 2.9000 12.1000
v -7.1500 2.6000 10.3000
v -6.3500 2.6000 10.3000
v -6.3500 2.9000 10.3000
v -7.1500 2.9000 10.3000
v -6.5250 2.9000 12.1000
v -5.7250 2.9000 12.1000
v -5.7250 3.2000 12.1000
v -6.5250 3.2000 12.1000
v -6.5250 2.9000 10.3000
v -5.7250 2.9000 10.3000
v -5.7250 3.2000 10.3000
v -6.5250 3.2000 10.3000
v -5.9000 3.2000 12.1000
v -5.1000 3.2000 12.1000
v -5.1000 3.5000 12.1000
v -5.9000 3.5000 12.1000
v -5.9000 3.2000 10.3000
v -5.1000 3.2000 10.3000
v -5.1000 3.5000 10.3000
v -5.9000 3.5000 10.3000
v -5.2750 3.5000 12.1000
v -4.4750 3.5000 12.1000
v -4.4750 3.8000 12.1000
v -5.2750 3.8000 12.1000
v -5.2750 3.5000 10.3000
v -4.4750 3.5000 10.3000
v -4.4750 3.8000 10.3000
v -5.2750 3.8000 10.3000
v -4.6500 3.8000 12.1000
v -3.8500 3.8000 12.1000
v -3.8500 4.1000 12.1000
v -4.6500 4.1000 12.1000
v -4.6500 3.8000 10.3000
v -3.8500 3.8000 10.3000
v -3.8500 4.1000 10.3000
v -4.6500 4.1000 10.3000
v -4.0250 4.1000 12.1000
v -3.2250 4.1000 12.1000
v -3.2250 4.4000 12.1000
v -4.0250 4.4000 12.1000
v -4.0250 4.1000 10.3000
v -3.2250 4.1000 10.3000
v -3.2250 4.4000 10.3000
v -4.0250 4.4000 10.3000
v 10.1000 0.8000 12.1000
v 10.9000 0.8000 12.1000
v 10.9000 1.1000 12.1000
v 10.1000 1.1000 12.1000
v 10.1000 0.8000 10.3000
v 10.9000 0.8000 10.3000
v 10.9000 1.1000 10.3000
v 10.1000 1.1000 10.3000
v 9.4750 1.1000 12.1000
v 10.2750 1.1000 12.1000
v 10.2750 1.4000 12.1000
v 9.4750 1.4000 12.1000
v 9.4750 1.1000 10.3000
v 10.2750 1.1000 10.3000
v 10.2750 1.4000 10.3000
v 9.4750 1.4000 10.3000
v 8.8500 1.4000 12.1000
v 9.6500 1.4000 12.1000
v 9.6500 1.7000 12.1000
v 8.8500 1.7000 12.1000
v 8.8500 1.4000 10.3000
v 9.6500 1.4000 10.3000
v 9.6500 1.7000 10.3000
v 8.8500 1.7000 10.3000
v 8.2250 1.7000 12.1000
v 9.0250 1.7000 12.1000
v 9.0250 2.0000 12.1000
v 8.2250 2.0000 12.1000
v 8.2250 1.7000 10.3000
v 9.0250 1.7000 10.3000
v 9.0250 2.0000 10.3000
v 8.2250 2.0000 10.3000
v 7.6000 2.0000 12.1000
v 8.4000 2.0000 12.1000
v 8.4000 2.3000 12.1000
v 7.6000 2.3000 12.1000
v 7.6000 2.0000 10.3000
v 8.4000 2.0000 10.3000
v 8.4000 2.3000 10.3000
v 7.6000 2.3000 10.3000
v 6.9750 2.3000 12.1000
v 7.7750 2.3000 12.1000
v 7.7750 2.6000 12.1000
v 6.9750 2.6000 12.1000
v 6.9750 2.3000 10.3000
v 7.7750 2.3000 10.3000
v 7.7750 2.6000 10.3000
v 6.9750 2.6000 10.3000
v 6.3500 2.6000 12.1000
v 7.1500 2.6000 12.1000
v 7.1500 2.9000 12.1000
v 6.3500 2.9000 12.1000
v 6.3500 2.6000 10.3000
v 7.1500 2.6000 10.3000
v 7.1500 2.9000 10.3000
v 6.3500 2.9000 10.3000
v 5.7250 2.9000 12.1000
v 6.5250 2.9000 12.1000
v 6.5250 3.2000 12.1000
v 5.7250 3.2000 12.1000
v 5.7250 2.9000 10.3000
v 6.5250 2.9000 10.3000
v 6.5250 3.2000 10.3000
v 5.7250 3.2000 10.3000
v 5.1000 3.2000 12.1000
v 5.9000 3.2000 12.1000
v 5.9000 3.5000 12.1000
v 5.1000 3.5000 12.1000
v 5.1000 3.2000 10.3000
v 5.9000 3.2000 10.3000
v 5.9000 3.5000 10.3000
v 5.1000 3.5000 10.3000
v 4.4750 3.5000 12.1000
v 5.2750 3.5000 12.1000
v 5.2750 3.8000 12.1000
v 4.4750 3.8000 12.1000
v 4.4750 3.5000 10.3000
v 5.2750 3.5000 10.3000
v 5.2750 3.8000 10.3000
v 4.4750 3.8000 10.3000
v 3.8500 3.8000 12.1000
v 4.6500 3.8000 12.1000
v 4.6500 4.1000 12.1000
v 3.8500 4.1000 12.1000
v 3.8500 3.8000 10.3000
v 4.6500 3.8000 10.3000
v 4.6500 4.1000 10.3000
v 3.8500 4.1000 10.3000
v 3.2250 4.1000 12.1000
v 4.0250 4.1000 12.1000
v 4.0250 4.4000 12.1000
v 3.2250 4.4000 12.1000
v 3.2250 4.1000 10.3000
v 4.0250 4.1000 10.3000
v 4.0250 4.4000 10.3000
v 3.2250 4.4000 10.3000
v -1.2000 4.4250 10.8500
v 1.2000 4.4250 10.8500
v 1.2000 4.7750 10.8500
v -1.2000 4.7750 10.8500
v -1.2000 4.4250 10.1500
v 1.2000 4.4250 10.1500
v 1.2000 4.7750 10.1500
v -1.2000 4.7750 10.1500
v -1.2000 4.8107 10.3143
v 1.2000 4.8107 10.3143
v 1.2000 5.1607 10.3143
v -1.2000 5.1607 10.3143
v -1.2000 4.8107 9.6143
v 1.2000 4.8107 9.6143
v 1.2000 5.1607 9.6143
v -1.2000 5.1607 9.6143
v -1.2000 5.1964 9.7786
v 1.2000 5.1964 9.7786
v 1.2000 5.5464 9.7786
v -1.2000 5.5464 9.7786
v -1.2000 5.1964 9.0786
v 1.2000 5.1964 9.0786
v 1.2000 5.5464 9.0786
v -1.2000 5.5464 9.0786
v -1.2000 5.5821 9.2429
v 1.2000 5.5821 9.2429
v 1.2000 5.9321 9.2429
v -1.2000 5.9321 9.2429
v -1.2000 5.5821 8.5429
v 1.2000 5.5821 8.5429
v 1.2000 5.9321 8.5429
v -1.2000 5.9321 8.5429
v -1.2000 5.9679 8.7071
v 1.2000 5.9679 8.7071
v 1.2000 6.3179 8.7071
v -1.2000 6.3179 8.7071
v -1.2000 5.9679 8.0071
v 1.2000 5.9679 8.0071
v 1.2000 6.3179 8.0071
v -1.2000 6.3179 8.0071
v -1.2000 6.3536 8.1714
v 1.2000 6.3536 8.1714
v 1.2000 6.7036 8.1714
v -1.2000 6.7036 8.1714
v -1.2000 6.3536 7.4714
v 1.2000 6.3536 7.4714
v 1.2000 6.7036 7.4714
v -1.2000 6.7036 7.4714
v -1.2000 6.7393 7.6357
v 1.2000 6.7393 7.6357
v 1.2000 7.0893 7.6357
v -1.2000 7.0893 7.6357
v -1.2000 6.7393 6.9357
v 1.2000 6.7393 6.9357
v 1.2000 7.0893 6.9357
v -1.2000 7.0893 6.9357
v -1.2000 7.1250 7.1000
v 1.2000 7.1250 7.1000
v 1.2000 7.4750 7.1000
v -1.2000 7.4750 7.1000
v -1.2000 7.1250 6.4000
v 1.2000 7.1250 6.4000
v 1.2000 7.4750 6.4000
v -1.2000 7.4750 6.4000
v -1.2000 7.5107 6.5643
v 1.2000 7.5107 6.5643
v 1.2000 7.8607 6.5643
v -1.2000 7.8607 6.5643
v -1.2000 7.5107 5.8643
v 1.2000 7.5107 5.8643
v 1.2000 7.8607 5.8643
v -1.2000 7.8607 5.8643
v -1.2000 7.8964 6.0286
v 1.2000 7.8964 6.0286
v 1.2000 8.2464 6.0286
v -1.2000 8.2464 6.0286
v -1.2000 7.8964 5.3286
v 1.2000 7.8964 5.3286
v 1.2000 8.2464 5.3286
v -1.2000 8.2464 5.3286
v -1.2000 8.2821 5.4929
v 1.2000 8.2821 5.4929
v 1.2000 8.6321 5.4929
v -1.2000 8.6321 5.4929
v -1.2000 8.2821 4.7929
v 1.2000 8.2821 4.7929
v 1.2000 8.6321 4.7929
v -1.2000 8.6321 4.7929
v -1.2000 8.6679 4.9571
v 1.2000 8.6679 4.9571
v 1.2000 9.0179 4.9571
v -1.2000 9.0179 4.9571
v -1.2000 8.6679 4.2571
v 1.2000 8.6679 4.2571
v 1.2000 9.0179 4.2571
v -1.2000 9.0179 4.2571
v -1.2000 9.0536 4.4214
v 1.2000 9.0536 4.4214
v 1.2000 9.4036 4.4214
v -1.2000 9.4036 4.4214
v -1.2000 9.0536 3.7214
v 1.2000 9.0536 3.7214
v 1.2000 9.4036 3.7214
v -1.2000 9.4036 3.7214
v -1.2000 9.4393 3.8857
v 1.2000 9.4393 3.8857
v 1.2000 9.7893 3.8857
v -1.2000 9.7893 3.8857
v -1.2000 9.4393 3.1857
v 1.2000 9.4393 3.1857
v 1.2000 9.7893 3.1857
v -1.2000 9.7893 3.1857
v -8.4000 4.4000 -9.0000
v -8.4000 5.1000 -9.0000
v -8.5757 4.4000 -8.5757
v -8.5757 5.1000 -8.5757
v -9.0000 4.4000 -8.4000
v -9.0000 5.1000 -8.4000
v -9.4243 4.4000 -8.5757
v -9.4243 5.1000 -8.5757
v -9.6000 4.4000 -9.0000
v -9.6000 5.1000 -9.0000
v -9.4243 4.4000 -9.4243
v -9.4243 5.1000 -9.4243
v -9.0000 4.4000 -9.6000
v -9.0000 5.1000 -9.6000
v -8.5757 4.4000 -9.4243
v -8.5757 5.1000 -9.4243
v -9.0000 4.4000 -9.0000
v -9.0000 5.1000 -9.0000
v -8.1500 5.1000 -9.0000
v -8.1500 5.5000 -9.0000
v -8.3990 5.1000 -8.3990
v -8.3990 5.5000 -8.3990
v -9.0000 5.1000 -8.1500
v -9.0000 5.5000 -8.1500
v -9.6010 5.1000 -8.3990
v -9.6010 5.5000 -8.3990
v -9.8500 5.1000 -9.0000
v -9.8500 5.5000 -9.0000
v -9.6010 5.1000 -9.6010
v -9.6010 5.5000 -9.6010
v -9.0000 5.1000 -9.8500
v -9.0000 5.5000 -9.8500
v -8.3990 5.1000 -9.6010
v -8.3990 5.5000 -9.6010
v -9.0000 5.1000 -9.0000
v -9.0000 5.5000 -9.0000
v 9.6000 4.4000 -9.0000
v 9.6000 5.1000 -9.0000
v 9.4243 4.4000 -8.5757
v 9.4243 5.1000 -8.5757
v 9.0000 4.4000 -8.4000
v 9.0000 5.1000 -8.4000
v 8.5757 4.4000 -8.5757
v 8.5757 5.1000 -8.5757
v 8.4000 4.4000 -9.0000
v 8.4000 5.1000 -9.0000
v 8.5757 4.4000 -9.4243
v 8.5757 5.1000 -9.4243
v 9.0000 4.4000 -9.6000
v 9.0000 5.1000 -9.6000
v 9.4243 4.4000 -9.4243
v 9.4243 5.1000 -9.4243
v 9.0000 4.4000 -9.0000
v 9.0000 5.1000 -9.0000
v 9.8500 5.1000 -9.0000
v 9.8500 5.5000 -9.0000
v 9.6010 5.1000 -8.3990
v 9.6010 5.5000 -8.3990
v 9.0000 5.1000 -8.1500
v 9.0000 5.5000 -8.1500
v 8.3990 5.1000 -8.3990
v 8.3990 5.5000 -8.3990
v 8.1500 5.1000 -9.0000
v 8.1500 5.5000 -9.0000
v 8.3990 5.1000 -9.6010
v 8.3990 5.5000 -9.6010
v 9.0000 5.1000 -9.8500
v 9.0000 5.5000 -9.8500
v 9.6010 5.1000 -9.6010
v 9.6010 5.5000 -9.6010
v 9.0000 5.1000 -9.0000
v 9.0000 5.5000 -9.0000
v -8.4000 4.4000 9.0000
v -8.4000 5.1000 9.0000
v -8.5757 4.4000 9.4243
v -8.5757 5.1000 9.4243
v -9.0000 4.4000 9.6000
v -9.0000 5.1000 9.6000
v -9.4243 4.4000 9.4243
v -9.4243 5.1000 9.4243
v -9.6000 4.4000 9.0000
v -9.6000 5.1000 9.0000
v -9.4243 4.4000 8.5757
v -9.4243 5.1000 8.5757
v -9.0000 4.4000 8.4000
v -9.0000 5.1000 8.4000
v -8.5757 4.4000 8.5757
v -8.5757 5.1000 8.5757
v -9.0000 4.4000 9.0000
v -9.0000 5.1000 9.0000
v -8.1500 5.1000 9.0000
v -8.1500 5.5000 9.0000
v -8.3990 5.1000 9.6010
v -8.3990 5.5000 9.6010
v -9.0000 5.1000 9.8500
v -9.0000 5.5000 9.8500
v -9.6010 5.1000 9.6010
v -9.6010 5.5000 9.6010
v -9.8500 5.1000 9.0000
v -9.8500 5.5000 9.0000
v -9.6010 5.1000 8.3990
v -9.6010 5.5000 8.3990
v -9.0000 5.1000 8.1500
v -9.0000 5.5000 8.1500
v -8.3990 5.1000 8.3990
v -8.3990 5.5000 8.3990
v -9.0000 5.1000 9.0000
v -9.0000 5.5000 9.0000
v 9.6000 4.4000 9.0000
v 9.6000 5.1000 9.0000
v 9.4243 4.4000 9.4243
v 9.4243 5.1000 9.4243
v 9.0000 4.4000 9.6000
v 9.0000 5.1000 9.6000
v 8.5757 4.4000 9.4243
v 8.5757 5.1000 9.4243
v 8.4000 4.4000 9.0000
v 8.4000 5.1000 9.0000
v 8.5757 4.4000 8.5757
v 8.5757 5.1000 8.5757
v 9.0000 4.4000 8.4000
v 9.0000 5.1000 8.4000
v 9.4243 4.4000 8.5757
v 9.4243 5.1000 8.5757
v 9.0000 4.4000 9.0000
v 9.0000 5.1000 9.0000
v 9.8500 5.1000 9.0000
v 9.8500 5.5000 9.0000
v 9.6010 5.1000 9.6010
v 9.6010 5.5000 9.6010
v 9.0000 5.1000 9.8500
v 9.0000 5.5000 9.8500
v 8.3990 5.1000 9.6010
v 8.3990 5.5000 9.6010
v 8.1500 5.1000 9.0000
v 8.1500 5.5000 9.0000
v 8.3990 5.1000 8.3990
v 8.3990 5.5000 8.3990
v 9.0000 5.1000 8.1500
v 9.0000 5.5000 8.1500
v 9.6010 5.1000 8.3990
v 9.6010 5.5000 8.3990
v 9.0000 5.1000 9.0000
v 9.0000 5.5000 9.0000
vt 0.0000 0.0000
vt 8.0000 0.0000
vt 8.0000 1.0000
vt 0.0000 1.0000
vt 0.0000 0.0000
vt 8.0000 0.0000
vt 8.0000 1.0000
vt 0.0000 1.0000
vt 0.0000 0.0000
vt 8.0000 0.0000
vt 8.0000 1.0000
vt 0.0000 1.0000
vt 0.0000 0.0000
vt 8.0000 0.0000
vt 8.0000 1.0000
vt 0.0000 1.0000
vt 0.0000 0.0000
vt 8.0000 0.0000
vt 8.0000 1.0000
vt 0.0000 1.0000
vt 0.0000 0.0000
vt 8.0000 0.0000
vt 8.0000 1.0000
vt 0.0000 1.0000
vt 0.0000 0.0000
vt 6.0000 0.0000
vt 6.0000 2.0000
vt 0.0000 2.0000
vt 0.0000 0.0000
vt 6.0000 0.0000
vt 6.0000 2.0000
vt 0.0000 2.0000
vt 0.0000 0.0000
vt 6.0000 0.0000
vt 6.0000 2.0000
vt 0.0000 2.0000
vt 0.0000 0.0000
vt 6.0000 0.0000
vt 6.0000 2.0000
vt 0.0000 2.0000
vt 0.0000 0.0000
vt 6.0000 0.0000
vt 6.0000 2.0000
vt 0.0000 2.0000
vt 0.0000 0.0000
vt 6.0000 0.0000
vt 6.0000 2.0000
vt 0.0000 2.0000
vt 0.0000 0.0000
vt 1.0000 0.0000
vt 1.0000 2.0000
vt 0.0000 2.0000
vt 0.0000 0.0000
vt 1.0000 0.0000
vt 1.0000 2.0000
vt 0.0000 2.0000
vt 0.0000 0.0000
vt 1.0000 0.0000
vt 1.0000 2.0000
vt 0.0000 2.0000
vt 0.0000 0.0000
vt 1.0000 0.0000
vt 1.0000 2.0000
vt 0.0000 2.0000
vt 0.0000 0.0000
vt 1.0000 0.0000
vt 1.0000 2.0000
vt 0.0000 2.0000
vt 0.0000 0.0000
vt 1.0000 0.0000
vt 1.0000 2.0000
vt 0.0000 2.0000
vt 0.0000 0.0000
vt 1.0000 0.0000
vt 1.0000 2.0000
vt 0.0000 2.0000
vt 0.0000 0.0000
vt 1.0000 0.0000
vt 1.0000 2.0000
vt 0.0000 2.0000
vt 0.0000 0.0000
vt 1.0000 0.0000
vt 1.0000 2.0000
vt 0.0000 2.0000
vt 0.0000 0.0000
vt 1.0000 0.0000
vt 1.0000 2.0000
vt 0.0000 2.0000
vt 0.0000 0.0000
vt 1.0000 0.0000
vt 1.0000 2.0000
vt 0.0000 2.0000
vt 0.0000 0.0000
vt 1.0000 0.0000
vt 1.0000 2.0000
vt 0.0000 2.0000
vt 0.0000 0.0000
vt 1.0000 0.0000
vt 1.0000 2.0000
vt 0.0000 2.0000
vt 0.0000 0.0000
vt 1.0000 0.0000
vt 1.0000 2.0000
vt 0.0000 2.0000
vt 0.0000 0.0000
vt 1.0000 0.0000
vt 1.0000 2.0000
vt 0.0000 2.0000
vt 0.0000 0.0000
vt 1.0000 0.0000
vt 1.0000 2.0000
vt 0.0000 2.0000
vt 0.0000 0.0000
vt 1.0000 0.0000
vt 1.0000 2.0000
vt 0.0000 2.0000
vt 0.0000 0.0000
vt 1.0000 0.0000
vt 1.0000 2.0000
vt 0.0000 2.0000
vt 0.0000 0.0000
vt 1.0000 0.0000
vt 1.0000 2.0000
vt 0.0000 2.0000
vt 0.0000 0.0000
vt 1.0000 0.0000
vt 1.0000 2.0000
vt 0.0000 2.0000
vt 0.0000 0.0000
vt 1.0000 0.0000
vt 1.0000 2.0000
vt 0.0000 2.0000
vt 0.0000 0.0000
vt 1.0000 0.0000
vt 1.0000 2.0000
vt 0.0000 2.0000
vt 0.0000 0.0000
vt 1.0000 0.0000
vt 1.0000 2.0000
vt 0.0000 2.0000
vt 0.0000 0.0000
vt 1.0000 0.0000
vt 1.0000 2.0000
vt 0.0000 2.0000
vt 0.0000 0.0000
vt 1.0000 0.0000
vt 1.0000 2.0000
vt 0.0000 2.0000
vt 0.0000 0.0000
vt 1.0000 0.0000
vt 1.0000 2.0000
vt 0.0000 2.0000
vt 0.0000 0.0000
vt 1.0000 0.0000
vt 1.0000 2.0000
vt 0.0000 2.0000
vt 0.0000 0.0000
vt 1.0000 0.0000
vt 1.0000 2.0000
vt 0.0000 2.0000
vt 0.0000 0.0000
vt 1.0000 0.0000
vt 1.0000 2.0000
vt 0.0000 2.0000
vt 0.0000 0.0000
vt 1.0000 0.0000
vt 1.0000 2.0000
vt 0.0000 2.0000
vt 0.0000 0.0000
vt 1.0000 0.0000
vt 1.0000 2.0000
vt 0.0000 2.0000
vt 0.0000 0.0000
vt 1.0000 0.0000
vt 1.0000 2.0000
vt 0.0000 2.0000
vt 0.0000 0.0000
vt 1.0000 0.0000
vt 1.0000 2.0000
vt 0.0000 2.0000
vt 0.0000 0.0000
vt 1.0000 0.0000
vt 1.0000 2.0000
vt 0.0000 2.0000
vt 0.0000 0.0000
vt 1.0000 0.0000
vt 1.0000 2.0000
vt 0.0000 2.0000
vt 0.0000 0.0000
vt 1.0000 0.0000
vt 1.0000 2.0000
vt 0.0000 2.0000
vt 0.0000 0.0000
vt 1.0000 0.0000
vt 1.0000 2.0000
vt 0.0000 2.0000
vt 0.0000 0.0000
vt 1.0000 0.0000
vt 1.0000 2.0000
vt 0.0000 2.0000
vt 0.0000 0.0000
vt 1.0000 0.0000
vt 1.0000 2.0000
vt 0.0000 2.0000
vt 0.0000 0.0000
vt 1.0000 0.0000
vt 1.0000 2.0000
vt 0.0000 2.0000
vt 0.0000 0.0000
vt 1.0000 0.0000
vt 1.0000 2.0000
vt 0.0000 2.0000
vt 0.0000 0.0000
vt 1.0000 0.0000
vt 1.0000 2.0000
vt 0.0000 2.0000
vt 0.0000 0.0000
vt 1.0000 0.0000
vt 1.0000 2.0000
vt 0.0000 2.0000
vt 0.0000 0.0000
vt 1.0000 0.0000
vt 1.0000 2.0000
vt 0.0000 2.0000
vt 0.0000 0.0000
vt 1.0000 0.0000
vt 1.0000 2.0000
vt 0.0000 2.0000
vt 0.0000 0.0000
vt 1.0000 0.0000
vt 1.0000 2.0000
vt 0.0000 2.0000
vt 0.0000 0.0000
vt 1.0000 0.0000
vt 1.0000 2.0000
vt 0.0000 2.0000
vt 0.0000 0.0000
vt 1.0000 0.0000
vt 1.0000 2.0000
vt 0.0000 2.0000
vt 0.0000 0.0000
vt 1.0000 0.0000
vt 1.0000 2.0000
vt 0.0000 2.0000
vt 0.0000 0.0000
vt 1.0000 0.0000
vt 1.0000 2.0000
vt 0.0000 2.0000
vt 0.0000 0.0000
vt 1.0000 0.0000
vt 1.0000 2.0000
vt 0.0000 2.0000
vt 0.0000 0.0000
vt 1.0000 0.0000
vt 1.0000 2.0000
vt 0.0000 2.0000
vt 0.0000 0.0000
vt 1.0000 0.0000
vt 1.0000 2.0000
vt 0.0000 2.0000
vt 0.0000 0.0000
vt 1.0000 0.0000
vt 1.0000 2.0000
vt 0.0000 2.0000
vt 0.0000 0.0000
vt 1.0000 0.0000
vt 1.0000 2.0000
vt 0.0000 2.0000
vt 0.0000 0.0000
vt 1.0000 0.0000
vt 1.0000 2.0000
vt 0.0000 2.0000
vt 0.0000 0.0000
vt 1.0000 0.0000
vt 1.0000 2.0000
vt 0.0000 2.0000
vt 0.0000 0.0000
vt 1.0000 0.0000
vt 1.0000 2.0000
vt 0.0000 2.0000
vt 0.0000 0.0000
vt 1.0000 0.0000
vt 1.0000 2.0000
vt 0.0000 2.0000
vt 0.0000 0.0000
vt 1.0000 0.0000
vt 1.0000 2.0000
vt 0.0000 2.0000
vt 0.0000 0.0000
vt 1.0000 0.0000
vt 1.0000 2.0000
vt 0.0000 2.0000
vt 0.0000 0.0000
vt 1.0000 0.0000
vt 1.0000 2.0000
vt 0.0000 2.0000
vt 0.0000 0.0000
vt 1.0000 0.0000
vt 1.0000 2.0000
vt 0.0000 2.0000
vt 0.0000 0.0000
vt 1.0000 0.0000
vt 1.0000 2.0000
vt 0.0000 2.0000
vt 0.0000 0.0000
vt 1.0000 0.0000
vt 1.0000 2.0000
vt 0.0000 2.0000
vt 0.0000 0.0000
vt 1.0000 0.0000
vt 1.0000 2.0000
vt 0.0000 2.0000
vt 0.0000 0.0000
vt 1.0000 0.0000
vt 1.0000 2.0000
vt 0.0000 2.0000
vt 0.0000 0.0000
vt 1.0000 0.0000
vt 1.0000 2.0000
vt 0.0000 2.0000
vt 0.0000 0.0000
vt 1.0000 0.0000
vt 1.0000 2.0000
vt 0.0000 2.0000
vt 0.0000 0.0000
vt 1.0000 0.0000
vt 1.0000 2.0000
vt 0.0000 2.0000
vt 0.0000 0.0000
vt 1.0000 0.0000
vt 1.0000 2.0000
vt 0.0000 2.0000
vt 0.0000 0.0000
vt 1.0000 0.0000
vt 1.0000 2.0000
vt 0.0000 2.0000
vt 0.0000 0.0000
vt 1.0000 0.0000
vt 1.0000 2.0000
vt 0.0000 2.0000
vt 0.0000 0.0000
vt 1.0000 0.0000
vt 1.0000 2.0000
vt 0.0000 2.0000
vt 0.0000 0.0000
vt 1.0000 0.0000
vt 1.0000 2.0000
vt 0.0000 2.0000
vt 0.0000 0.0000
vt 1.0000 0.0000
vt 1.0000 2.0000
vt 0.0000 2.0000
vt 0.0000 0.0000
vt 1.0000 0.0000
vt 1.0000 2.0000
vt 0.0000 2.0000
vt 0.0000 0.0000
vt 1.0000 0.0000
vt 1.0000 2.0000
vt 0.0000 2.0000
vt 0.0000 0.0000
vt 1.0000 0.0000
vt 1.0000 2.0000
vt 0.0000 2.0000
vt 0.0000 0.0000
vt 1.0000 0.0000
vt 1.0000 2.0000
vt 0.0000 2.0000
vt 0.0000 0.0000
vt 1.0000 0.0000
vt 1.0000 2.0000
vt 0.0000 2.0000
vt 0.0000 0.0000
vt 1.0000 0.0000
vt 1.0000 2.0000
vt 0.0000 2.0000
vt 0.0000 0.0000
vt 1.0000 0.0000
vt 1.0000 2.0000
vt 0.0000 2.0000
vt 0.0000 0.0000
vt 1.0000 0.0000
vt 1.0000 2.0000
vt 0.0000 2.0000
vt 0.0000 0.0000
vt 1.0000 0.0000
vt 1.0000 2.0000
vt 0.0000 2.0000
vt 0.0000 0.0000
vt 1.0000 0.0000
vt 1.0000 2.0000
vt 0.0000 2.0000
vt 0.0000 0.0000
vt 1.0000 0.0000
vt 1.0000 2.0000
vt 0.0000 2.0000
vt 0.0000 0.0000
vt 1.0000 0.0000
vt 1.0000 2.0000
vt 0.0000 2.0000
vt 0.0000 0.0000
vt 1.0000 0.0000
vt 1.0000 2.0000
vt 0.0000 2.0000
vt 0.0000 0.0000
vt 1.0000 0.0000
vt 1.0000 2.0000
vt 0.0000 2.0000
vt 0.0000 0.0000
vt 1.0000 0.0000
vt 1.0000 2.0000
vt 0.0000 2.0000
vt 0.0000 0.0000
vt 1.0000 0.0000
vt 1.0000 2.0000
vt 0.0000 2.0000
vt 0.0000 0.0000
vt 1.0000 0.0000
vt 1.0000 2.0000
vt 0.0000 2.0000
vt 0.0000 0.0000
vt 1.0000 0.0000
vt 1.0000 2.0000
vt 0.0000 2.0000
vt 0.0000 0.0000
vt 1.0000 0.0000
vt 1.0000 2.0000
vt 0.0000 2.0000
vt 0.0000 0.0000
vt 1.0000 0.0000
vt 1.0000 2.0000
vt 0.0000 2.0000
vt 0.0000 0.0000
vt 1.0000 0.0000
vt 1.0000 2.0000
vt 0.0000 2.0000
vt 0.0000 0.0000
vt 1.0000 0.0000
vt 1.0000 2.0000
vt 0.0000 2.0000
vt 0.0000 0.0000
vt 1.0000 0.0000
vt 1.0000 2.0000
vt 0.0000 2.0000
vt 0.0000 0.0000
vt 1.0000 0.0000
vt 1.0000 2.0000
vt 0.0000 2.0000
vt 0.0000 0.0000
vt 1.0000 0.0000
vt 1.0000 2.0000
vt 0.0000 2.0000
vt 0.0000 0.0000
vt 1.0000 0.0000
vt 1.0000 2.0000
vt 0.0000 2.0000
vt 0.0000 0.0000
vt 1.0000 0.0000
vt 1.0000 2.0000
vt 0.0000 2.0000
vt 0.0000 0.0000
vt 1.0000 0.0000
vt 1.0000 2.0000
vt 0.0000 2.0000
vt 0.0000 0.0000
vt 1.0000 0.0000
vt 1.0000 2.0000
vt 0.0000 2.0000
vt 0.0000 0.0000
vt 1.0000 0.0000
vt 1.0000 2.0000
vt 0.0000 2.0000
vt 0.0000 0.0000
vt 1.0000 0.0000
vt 1.0000 2.0000
vt 0.0000 2.0000
vt 0.0000 0.0000
vt 1.0000 0.0000
vt 1.0000 2.0000
vt 0.0000 2.0000
vt 0.0000 0.0000
vt 1.0000 0.0000
vt 1.0000 2.0000
vt 0.0000 2.0000
vt 0.0000 0.0000
vt 1.0000 0.0000
vt 1.0000 2.0000
vt 0.0000 2.0000
vt 0.0000 0.0000
vt 1.0000 0.0000
vt 1.0000 2.0000
vt 0.0000 2.0000
vt 0.0000 0.0000
vt 1.0000 0.0000
vt 1.0000 2.0000
vt 0.0000 2.0000
vt 0.0000 0.0000
vt 1.0000 0.0000
vt 1.0000 2.0000
vt 0.0000 2.0000
vt 0.0000 0.0000
vt 1.0000 0.0000
vt 1.0000 2.0000
vt 0.0000 2.0000
vt 0.0000 0.0000
vt 1.0000 0.0000
vt 1.0000 2.0000
vt 0.0000 2.0000
vt 0.0000 0.0000
vt 1.0000 0.0000
vt 1.0000 2.0000
vt 0.0000 2.0000
vt 0.0000 0.0000
vt 1.0000 0.0000
vt 1.0000 2.0000
vt 0.0000 2.0000
vt 0.0000 0.0000
vt 1.0000 0.0000
vt 1.0000 2.0000
vt 0.0000 2.0000
vt 0.0000 0.0000
vt 1.0000 0.0000
vt 1.0000 2.0000
vt 0.0000 2.0000
vt 0.0000 0.0000
vt 1.0000 0.0000
vt 1.0000 2.0000
vt 0.0000 2.0000
vt 0.0000 0.0000
vt 5.0000 0.0000
vt 5.0000 2.0000
vt 0.0000 2.0000
vt 0.0000 0.0000
vt 5.0000 0.0000
vt 5.0000 2.0000
vt 0.0000 2.0000
vt 0.0000 0.0000
vt 5.0000 0.0000
vt 5.0000 2.0000
vt 0.0000 2.0000
vt 0.0000 0.0000
vt 5.0000 0.0000
vt 5.0000 2.0000
vt 0.0000 2.0000
vt 0.0000 0.0000
vt 5.0000 0.0000
vt 5.0000 2.0000
vt 0.0000 2.0000
vt 0.0000 0.0000
vt 5.0000 0.0000
vt 5.0000 2.0000
vt 0.0000 2.0000
vt 0.0000 0.0000
vt 1.0000 0.0000
vt 1.0000 2.0000
vt 0.0000 2.0000
vt 0.0000 0.0000
vt 1.0000 0.0000
vt 1.0000 2.0000
vt 0.0000 2.0000
vt 0.0000 0.0000
vt 1.0000 0.0000
vt 1.0000 2.0000
vt 0.0000 2.0000
vt 0.0000 0.0000
vt 1.0000 0.0000
vt 1.0000 2.0000
vt 0.0000 2.0000
vt 0.0000 0.0000
vt 1.0000 0.0000
vt 1.0000 2.0000
vt 0.0000 2.0000
vt 0.0000 0.0000
vt 1.0000 0.0000
vt 1.0000 2.0000
vt 0.0000 2.0000
vt 0.0000 0.0000
vt 1.0000 0.0000
vt 1.0000 2.0000
vt 0.0000 2.0000
vt 0.0000 0.0000
vt 1.0000 0.0000
vt 1.0000 2.0000
vt 0.0000 2.0000
vt 0.0000 0.0000
vt 1.0000 0.0000
vt 1.0000 2.0000
vt 0.0000 2.0000
vt 0.0000 0.0000
vt 1.0000 0.0000
vt 1.0000 2.0000
vt 0.0000 2.0000
vt 0.0000 0.0000
vt 1.0000 0.0000
vt 1.0000 2.0000
vt 0.0000 2.0000
vt 0.0000 0.0000
vt 1.0000 0.0000
vt 1.0000 2.0000
vt 0.0000 2.0000
vt 0.0000 0.0000
vt 1.0000 0.0000
vt 1.0000 2.0000
vt 0.0000 2.0000
vt 0.0000 0.0000
vt 1.0000 0.0000
vt 1.0000 2.0000
vt 0.0000 2.0000
vt 0.0000 0.0000
vt 1.0000 0.0000
vt 1.0000 2.0000
vt 0.0000 2.0000
vt 0.0000 0.0000
vt 1.0000 0.0000
vt 1.0000 2.0000
vt 0.0000 2.0000
vt 0.0000 0.0000
vt 1.0000 0.0000
vt 1.0000 2.0000
vt 0.0000 2.0000
vt 0.0000 0.0000
vt 1.0000 0.0000
vt 1.0000 2.0000
vt 0.0000 2.0000
vt 0.0000 0.0000
vt 1.0000 0.0000
vt 1.0000 2.0000
vt 0.0000 2.0000
vt 0.0000 0.0000
vt 1.0000 0.0000
vt 1.0000 2.0000
vt 0.0000 2.0000
vt 0.0000 0.0000
vt 1.0000 0.0000
vt 1.0000 2.0000
vt 0.0000 2.0000
vt 0.0000 0.0000
vt 1.0000 0.0000
vt 1.0000 2.0000
vt 0.0000 2.0000
vt 0.0000 0.0000
vt 1.0000 0.0000
vt 1.0000 2.0000
vt 0.0000 2.0000
vt 0.0000 0.0000
vt 1.0000 0.0000
vt 1.0000 2.0000
vt 0.0000 2.0000
vt 0.0000 0.0000
vt 1.0000 0.0000
vt 1.0000 2.0000
vt 0.0000 2.0000
vt 0.0000 0.0000
vt 1.0000 0.0000
vt 1.0000 2.0000
vt 0.0000 2.0000
vt 0.0000 0.0000
vt 1.0000 0.0000
vt 1.0000 2.0000
vt 0.0000 2.0000
vt 0.0000 0.0000
vt 1.0000 0.0000
vt 1.0000 2.0000
vt 0.0000 2.0000
vt 0.0000 0.0000
vt 1.0000 0.0000
vt 1.0000 2.0000
vt 0.0000 2.0000
vt 0.0000 0.0000
vt 1.0000 0.0000
vt 1.0000 2.0000
vt 0.0000 2.0000
vt 0.0000 0.0000
vt 1.0000 0.0000
vt 1.0000 2.0000
vt 0.0000 2.0000
vt 0.0000 0.0000
vt 1.0000 0.0000
vt 1.0000 2.0000
vt 0.0000 2.0000
vt 0.0000 0.0000
vt 1.0000 0.0000
vt 1.0000 2.0000
vt 0.0000 2.0000
vt 0.0000 0.0000
vt 1.0000 0.0000
vt 1.0000 2.0000
vt 0.0000 2.0000
vt 0.0000 0.0000
vt 1.0000 0.0000
vt 1.0000 2.0000
vt 0.0000 2.0000
vt 0.0000 0.0000
vt 1.0000 0.0000
vt 1.0000 2.0000
vt 0.0000 2.0000
vt 0.0000 0.0000
vt 1.0000 0.0000
vt 1.0000 2.0000
vt 0.0000 2.0000
vt 0.0000 0.0000
vt 1.0000 0.0000
vt 1.0000 2.0000
vt 0.0000 2.0000
vt 0.0000 0.0000
vt 1.0000 0.0000
vt 1.0000 2.0000
vt 0.0000 2.0000
vt 0.0000 0.0000
vt 1.0000 0.0000
vt 1.0000 2.0000
vt 0.0000 2.0000
vt 0.0000 0.0000
vt 1.0000 0.0000
vt 1.0000 2.0000
vt 0.0000 2.0000
vt 0.0000 0.0000
vt 1.0000 0.0000
vt 1.0000 2.0000
vt 0.0000 2.0000
vt 0.0000 0.0000
vt 1.0000 0.0000
vt 1.0000 2.0000
vt 0.0000 2.0000
vt 0.0000 0.0000
vt 1.0000 0.0000
vt 1.0000 2.0000
vt 0.0000 2.0000
vt 0.0000 0.0000
vt 1.0000 0.0000
vt 1.0000 2.0000
vt 0.0000 2.0000
vt 0.0000 0.0000
vt 1.0000 0.0000
vt 1.0000 2.0000
vt 0.0000 2.0000
vt 0.0000 0.0000
vt 1.0000 0.0000
vt 1.0000 2.0000
vt 0.0000 2.0000
vt 0.0000 0.0000
vt 1.0000 0.0000
vt 1.0000 2.0000
vt 0.0000 2.0000
vt 0.0000 0.0000
vt 1.0000 0.0000
vt 1.0000 2.0000
vt 0.0000 2.0000
vt 0.0000 0.0000
vt 1.0000 0.0000
vt 1.0000 2.0000
vt 0.0000 2.0000
vt 0.0000 0.0000
vt 1.0000 0.0000
vt 1.0000 2.0000
vt 0.0000 2.0000
vt 0.0000 0.0000
vt 1.0000 0.0000
vt 1.0000 2.0000
vt 0.0000 2.0000
vt 0.0000 0.0000
vt 1.0000 0.0000
vt 1.0000 2.0000
vt 0.0000 2.0000
vt 0.0000 0.0000
vt 1.0000 0.0000
vt 1.0000 2.0000
vt 0.0000 2.0000
vt 0.0000 0.0000
vt 1.0000 0.0000
vt 1.0000 2.0000
vt 0.0000 2.0000
vt 0.0000 0.0000
vt 1.0000 0.0000
vt 1.0000 2.0000
vt 0.0000 2.0000
vt 0.0000 0.0000
vt 1.0000 0.0000
vt 1.0000 2.0000
vt 0.0000 2.0000
vt 0.0000 0.0000
vt 1.0000 0.0000
vt 1.0000 2.0000
vt 0.0000 2.0000
vt 0.0000 0.0000
vt 1.0000 0.0000
vt 1.0000 2.0000
vt 0.0000 2.0000
vt 0.0000 0.0000
vt 1.0000 0.0000
vt 1.0000 2.0000
vt 0.0000 2.0000
vt 0.0000 0.0000
vt 1.0000 0.0000
vt 1.0000 2.0000
vt 0.0000 2.0000
vt 0.0000 0.0000
vt 1.0000 0.0000
vt 1.0000 2.0000
vt 0.0000 2.0000
vt 0.0000 0.0000
vt 1.0000 0.0000
vt 1.0000 2.0000
vt 0.0000 2.0000
vt 0.0000 0.0000
vt 1.0000 0.0000
vt 1.0000 2.0000
vt 0.0000 2.0000
vt 0.0000 0.0000
vt 1.0000 0.0000
vt 1.0000 2.0000
vt 0.0000 2.0000
vt 0.0000 0.0000
vt 1.0000 0.0000
vt 1.0000 2.0000
vt 0.0000 2.0000
vt 0.0000 0.0000
vt 1.0000 0.0000
vt 1.0000 2.0000
vt 0.0000 2.0000
vt 0.0000 0.0000
vt 1.0000 0.0000
vt 1.0000 2.0000
vt 0.0000 2.0000
vt 0.0000 0.0000
vt 1.0000 0.0000
vt 1.0000 2.0000
vt 0.0000 2.0000
vt 0.0000 0.0000
vt 1.0000 0.0000
vt 1.0000 2.0000
vt 0.0000 2.0000
vt 0.0000 0.0000
vt 1.0000 0.0000
vt 1.0000 2.0000
vt 0.0000 2.0000
vt 0.0000 0.0000
vt 1.0000 0.0000
vt 1.0000 2.0000
vt 0.0000 2.0000
vt 0.0000 0.0000
vt 4.0000 0.0000
vt 4.0000 1.0000
vt 0.0000 1.0000
vt 0.0000 0.0000
vt 4.0000 0.0000
vt 4.0000 1.0000
vt 0.0000 1.0000
vt 0.0000 0.0000
vt 4.0000 0.0000
vt 4.0000 1.0000
vt 0.0000 1.0000
vt 0.0000 0.0000
vt 4.0000 0.0000
vt 4.0000 1.0000
vt 0.0000 1.0000
vt 0.0000 0.0000
vt 4.0000 0.0000
vt 4.0000 1.0000
vt 0.0000 1.0000
vt 0.0000 0.0000
vt 4.0000 0.0000
vt 4.0000 1.0000
vt 0.0000 1.0000
vt 0.0000 0.0000
vt 2.0000 0.0000
vt 2.0000 2.0000
vt 0.0000 2.0000
vt 0.0000 0.0000
vt 2.0000 0.0000
vt 2.0000 2.0000
vt 0.0000 2.0000
vt 0.0000 0.0000
vt 2.0000 0.0000
vt 2.0000 2.0000
vt 0.0000 2.0000
vt 0.0000 0.0000
vt 2.0000 0.0000
vt 2.0000 2.0000
vt 0.0000 2.0000
vt 0.0000 0.0000
vt 2.0000 0.0000
vt 2.0000 2.0000
vt 0.0000 2.0000
vt 0.0000 0.0000
vt 2.0000 0.0000
vt 2.0000 2.0000
vt 0.0000 2.0000
vt 0.0000 0.0000
vt 2.0000 0.0000
vt 2.0000 1.0000
vt 0.0000 1.0000
vt 0.0000 0.0000
vt 2.0000 0.0000
vt 2.0000 1.0000
vt 0.0000 1.0000
vt 0.0000 0.0000
vt 2.0000 0.0000
vt 2.0000 1.0000
vt 0.0000 1.0000
vt 0.0000 0.0000
vt 2.0000 0.0000
vt 2.0000 1.0000
vt 0.0000 1.0000
vt 0.0000 0.0000
vt 2.0000 0.0000
vt 2.0000 1.0000
vt 0.0000 1.0000
vt 0.0000 0.0000
vt 2.0000 0.0000
vt 2.0000 1.0000
vt 0.0000 1.0000
vt 0.0000 0.0000
vt 1.0000 0.0000
vt 1.0000 1.0000
vt 0.0000 1.0000
vt 0.0000 0.0000
vt 1.0000 0.0000
vt 1.0000 1.0000
vt 0.0000 1.0000
vt 0.0000 0.0000
vt 1.0000 0.0000
vt 1.0000 1.0000
vt 0.0000 1.0000
vt 0.0000 0.0000
vt 1.0000 0.0000
vt 1.0000 1.0000
vt 0.0000 1.0000
vt 0.0000 0.0000
vt 1.0000 0.0000
vt 1.0000 1.0000
vt 0.0000 1.0000
vt 0.0000 0.0000
vt 1.0000 0.0000
vt 1.0000 1.0000
vt 0.0000 1.0000
vt 0.0000 0.0000
vt 1.0000 0.0000
vt 1.0000 1.0000
vt 0.0000 1.0000
vt 0.0000 0.0000
vt 1.0000 0.0000
vt 1.0000 1.0000
vt 0.0000 1.0000
vt 0.0000 0.0000
vt 1.0000 0.0000
vt 1.0000 1.0000
vt 0.0000 1.0000
vt 0.0000 0.0000
vt 1.0000 0.0000
vt 1.0000 1.0000
vt 0.0000 1.0000
vt 0.0000 0.0000
vt 1.0000 0.0000
vt 1.0000 1.0000
vt 0.0000 1.0000
vt 0.0000 0.0000
vt 1.0000 0.0000
vt 1.0000 1.0000
vt 0.0000 1.0000
vt 0.0000 0.0000
vt 1.0000 0.0000
vt 1.0000 1.0000
vt 0.0000 1.0000
vt 0.0000 0.0000
vt 1.0000 0.0000
vt 1.0000 1.0000
vt 0.0000 1.0000
vt 0.0000 0.0000
vt 1.0000 0.0000
vt 1.0000 1.0000
vt 0.0000 1.0000
vt 0.0000 0.0000
vt 1.0000 0.0000
vt 1.0000 1.0000
vt 0.0000 1.0000
vt 0.0000 0.0000
vt 1.0000 0.0000
vt 1.0000 1.0000
vt 0.0000 1.0000
vt 0.0000 0.0000
vt 1.0000 0.0000
vt 1.0000 1.0000
vt 0.0000 1.0000
vt 0.0000 0.0000
vt 1.0000 0.0000
vt 1.0000 1.0000
vt 0.0000 1.0000
vt 0.0000 0.0000
vt 1.0000 0.0000
vt 1.0000 1.0000
vt 0.0000 1.0000
vt 0.0000 0.0000
vt 1.0000 0.0000
vt 1.0000 1.0000
vt 0.0000 1.0000
vt 0.0000 0.0000
vt 1.0000 0.0000
vt 1.0000 1.0000
vt 0.0000 1.0000
vt 0.0000 0.0000
vt 1.0000 0.0000
vt 1.0000 1.0000
vt 0.0000 1.0000
vt 0.0000 0.0000
vt 1.0000 0.0000
vt 1.0000 1.0000
vt 0.0000 1.0000
vt 0.0000 0.0000
vt 1.0000 0.0000
vt 1.0000 1.0000
vt 0.0000 1.0000
vt 0.0000 0.0000
vt 1.0000 0.0000
vt 1.0000 1.0000
vt 0.0000 1.0000
vt 0.0000 0.0000
vt 1.0000 0.0000
vt 1.0000 1.0000
vt 0.0000 1.0000
vt 0.0000 0.0000
vt 1.0000 0.0000
vt 1.0000 1.0000
vt 0.0000 1.0000
vt 0.0000 0.0000
vt 1.0000 0.0000
vt 1.0000 1.0000
vt 0.0000 1.0000
vt 0.0000 0.0000
vt 1.0000 0.0000
vt 1.0000 1.0000
vt 0.0000 1.0000
vt 0.0000 0.0000
vt 1.0000 0.0000
vt 1.0000 1.0000
vt 0.0000 1.0000
vt 0.0000 0.0000
vt 1.0000 0.0000
vt 1.0000 1.0000
vt 0.0000 1.0000
vt 0.0000 0.0000
vt 1.0000 0.0000
vt 1.0000 1.0000
vt 0.0000 1.0000
vt 0.0000 0.0000
vt 1.0000 0.0000
vt 1.0000 1.0000
vt 0.0000 1.0000
vt 0.0000 0.0000
vt 1.0000 0.0000
vt 1.0000 1.0000
vt 0.0000 1.0000
vt 0.0000 0.0000
vt 1.0000 0.0000
vt 1.0000 1.0000
vt 0.0000 1.0000
vt 0.0000 0.0000
vt 1.0000 0.0000
vt 1.0000 1.0000
vt 0.0000 1.0000
vt 0.0000 0.0000
vt 1.0000 0.0000
vt 1.0000 1.0000
vt 0.0000 1.0000
vt 0.0000 0.0000
vt 1.0000 0.0000
vt 1.0000 1.0000
vt 0.0000 1.0000
vt 0.0000 0.0000
vt 1.0000 0.0000
vt 1.0000 1.0000
vt 0.0000 1.0000
vt 0.0000 0.0000
vt 1.0000 0.0000
vt 1.0000 1.0000
vt 0.0000 1.0000
vt 0.0000 0.0000
vt 1.0000 0.0000
vt 1.0000 1.0000
vt 0.0000 1.0000
vt 0.0000 0.0000
vt 1.0000 0.0000
vt 1.0000 1.0000
vt 0.0000 1.0000
vt 0.0000 0.0000
vt 1.0000 0.0000
vt 1.0000 1.0000
vt 0.0000 1.0000
vt 0.0000 0.0000
vt 1.0000 0.0000
vt 1.0000 1.0000
vt 0.0000 1.0000
vt 0.0000 0.0000
vt 1.0000 0.0000
vt 1.0000 1.0000
vt 0.0000 1.0000
vt 0.0000 0.0000
vt 1.0000 0.0000
vt 1.0000 1.0000
vt 0.0000 1.0000
vt 0.0000 0.0000
vt 1.0000 0.0000
vt 1.0000 1.0000
vt 0.0000 1.0000
vt 0.0000 0.0000
vt 1.0000 0.0000
vt 1.0000 1.0000
vt 0.0000 1.0000
vt 0.0000 0.0000
vt 1.0000 0.0000
vt 1.0000 1.0000
vt 0.0000 1.0000
vt 0.0000 0.0000
vt 1.0000 0.0000
vt 1.0000 1.0000
vt 0.0000 1.0000
vt 0.0000 0.0000
vt 1.0000 0.0000
vt 1.0000 1.0000
vt 0.0000 1.0000
vt 0.0000 0.0000
vt 1.0000 0.0000
vt 1.0000 1.0000
vt 0.0000 1.0000
vt 0.0000 0.0000
vt 1.0000 0.0000
vt 1.0000 1.0000
vt 0.0000 1.0000
vt 0.0000 0.0000
vt 1.0000 0.0000
vt 1.0000 1.0000
vt 0.0000 1.0000
vt 0.0000 0.0000
vt 1.0000 0.0000
vt 1.0000 1.0000
vt 0.0000 1.0000
vt 0.0000 0.0000
vt 1.0000 0.0000
vt 1.0000 1.0000
vt 0.0000 1.0000
vt 0.0000 0.0000
vt 1.0000 0.0000
vt 1.0000 1.0000
vt 0.0000 1.0000
vt 0.0000 0.0000
vt 1.0000 0.0000
vt 1.0000 1.0000
vt 0.0000 1.0000
vt 0.0000 0.0000
vt 1.0000 0.0000
vt 1.0000 1.0000
vt 0.0000 1.0000
vt 0.0000 0.0000
vt 1.0000 0.0000
vt 1.0000 1.0000
vt 0.0000 1.0000
vt 0.0000 0.0000
vt 1.0000 0.0000
vt 1.0000 1.0000
vt 0.0000 1.0000
vt 0.0000 0.0000
vt 1.0000 0.0000
vt 1.0000 1.0000
vt 0.0000 1.0000
vt 0.0000 0.0000
vt 1.0000 0.0000
vt 1.0000 1.0000
vt 0.0000 1.0000
vt 0.0000 0.0000
vt 1.0000 0.0000
vt 1.0000 1.0000
vt 0.0000 1.0000
vt 0.0000 0.0000
vt 1.0000 0.0000
vt 1.0000 1.0000
vt 0.0000 1.0000
vt 0.0000 0.0000
vt 1.0000 0.0000
vt 1.0000 1.0000
vt 0.0000 1.0000
vt 0.0000 0.0000
vt 1.0000 0.0000
vt 1.0000 1.0000
vt 0.0000 1.0000
vt 0.0000 0.0000
vt 1.0000 0.0000
vt 1.0000 1.0000
vt 0.0000 1.0000
vt 0.0000 0.0000
vt 1.0000 0.0000
vt 1.0000 1.0000
vt 0.0000 1.0000
vt 0.0000 0.0000
vt 1.0000 0.0000
vt 1.0000 1.0000
vt 0.0000 1.0000
vt 0.0000 0.0000
vt 1.0000 0.0000
vt 1.0000 1.0000
vt 0.0000 1.0000
vt 0.0000 0.0000
vt 1.0000 0.0000
vt 1.0000 1.0000
vt 0.0000 1.0000
vt 0.0000 0.0000
vt 1.0000 0.0000
vt 1.0000 1.0000
vt 0.0000 1.0000
vt 0.0000 0.0000
vt 1.0000 0.0000
vt 1.0000 1.0000
vt 0.0000 1.0000
vt 0.0000 0.0000
vt 1.0000 0.0000
vt 1.0000 1.0000
vt 0.0000 1.0000
vt 0.0000 0.0000
vt 1.0000 0.0000
vt 1.0000 1.0000
vt 0.0000 1.0000
vt 0.0000 0.0000
vt 1.0000 0.0000
vt 1.0000 1.0000
vt 0.0000 1.0000
vt 0.0000 0.0000
vt 1.0000 0.0000
vt 1.0000 1.0000
vt 0.0000 1.0000
vt 0.0000 0.0000
vt 1.0000 0.0000
vt 1.0000 1.0000
vt 0.0000 1.0000
vt 0.0000 0.0000
vt 1.0000 0.0000
vt 1.0000 1.0000
vt 0.0000 1.0000
vt 0.0000 0.0000
vt 1.0000 0.0000
vt 1.0000 1.0000
vt 0.0000 1.0000
vt 0.0000 0.0000
vt 1.0000 0.0000
vt 1.0000 1.0000
vt 0.0000 1.0000
vt 0.0000 0.0000
vt 1.0000 0.0000
vt 1.0000 1.0000
vt 0.0000 1.0000
vt 0.0000 0.0000
vt 1.0000 0.0000
vt 1.0000 1.0000
vt 0.0000 1.0000
vt 0.0000 0.0000
vt 1.0000 0.0000
vt 1.0000 1.0000
vt 0.0000 1.0000
vt 0.0000 0.0000
vt 1.0000 0.0000
vt 1.0000 1.0000
vt 0.0000 1.0000
vt 0.0000 0.0000
vt 1.0000 0.0000
vt 1.0000 1.0000
vt 0.0000 1.0000
vt 0.0000 0.0000
vt 1.0000 0.0000
vt 1.0000 1.0000
vt 0.0000 1.0000
vt 0.0000 0.0000
vt 1.0000 0.0000
vt 1.0000 1.0000
vt 0.0000 1.0000
vt 0.0000 0.0000
vt 1.0000 0.0000
vt 1.0000 1.0000
vt 0.0000 1.0000
vt 0.0000 0.0000
vt 1.0000 0.0000
vt 1.0000 1.0000
vt 0.0000 1.0000
vt 0.0000 0.0000
vt 1.0000 0.0000
vt 1.0000 1.0000
vt 0.0000 1.0000
vt 0.0000 0.0000
vt 1.0000 0.0000
vt 1.0000 1.0000
vt 0.0000 1.0000
vt 0.0000 0.0000
vt 1.0000 0.0000
vt 1.0000 1.0000
vt 0.0000 1.0000
vt 0.0000 0.0000
vt 1.0000 0.0000
vt 1.0000 1.0000
vt 0.0000 1.0000
vt 0.0000 0.0000
vt 1.0000 0.0000
vt 1.0000 1.0000
vt 0.0000 1.0000
vt 0.0000 0.0000
vt 1.0000 0.0000
vt 1.0000 1.0000
vt 0.0000 1.0000
vt 0.0000 0.0000
vt 1.0000 0.0000
vt 1.0000 1.0000
vt 0.0000 1.0000
vt 0.0000 0.0000
vt 1.0000 0.0000
vt 1.0000 1.0000
vt 0.0000 1.0000
vt 0.0000 0.0000
vt 1.0000 0.0000
vt 1.0000 1.0000
vt 0.0000 1.0000
vt 0.0000 0.0000
vt 1.0000 0.0000
vt 1.0000 1.0000
vt 0.0000 1.0000
vt 0.0000 0.0000
vt 1.0000 0.0000
vt 1.0000 1.0000
vt 0.0000 1.0000
vt 0.0000 0.0000
vt 1.0000 0.0000
vt 1.0000 1.0000
vt 0.0000 1.0000
vt 0.0000 0.0000
vt 1.0000 0.0000
vt 1.0000 1.0000
vt 0.0000 1.0000
vt 0.0000 0.0000
vt 1.0000 0.0000
vt 1.0000 1.0000
vt 0.0000 1.0000
vt 0.0000 0.0000
vt 1.0000 0.0000
vt 1.0000 1.0000
vt 0.0000 1.0000
vt 0.0000 0.0000
vt 1.0000 0.0000
vt 1.0000 1.0000
vt 0.0000 1.0000
vt 0.0000 0.0000
vt 1.0000 0.0000
vt 1.0000 1.0000
vt 0.0000 1.0000
vt 0.0000 0.0000
vt 1.0000 0.0000
vt 1.0000 1.0000
vt 0.0000 1.0000
vt 0.0000 0.0000
vt 1.0000 0.0000
vt 1.0000 1.0000
vt 0.0000 1.0000
vt 0.0000 0.0000
vt 1.0000 0.0000
vt 1.0000 1.0000
vt 0.0000 1.0000
vt 0.0000 0.0000
vt 1.0000 0.0000
vt 1.0000 1.0000
vt 0.0000 1.0000
vt 0.0000 0.0000
vt 1.0000 0.0000
vt 1.0000 1.0000
vt 0.0000 1.0000
vt 0.0000 0.0000
vt 1.0000 0.0000
vt 1.0000 1.0000
vt 0.0000 1.0000
vt 0.0000 0.0000
vt 1.0000 0.0000
vt 1.0000 1.0000
vt 0.0000 1.0000
vt 0.0000 0.0000
vt 1.0000 0.0000
vt 1.0000 1.0000
vt 0.0000 1.0000
vt 0.0000 0.0000
vt 1.0000 0.0000
vt 1.0000 1.0000
vt 0.0000 1.0000
vt 0.0000 0.0000
vt 1.0000 0.0000
vt 1.0000 1.0000
vt 0.0000 1.0000
vt 0.0000 0.0000
vt 1.0000 0.0000
vt 1.0000 1.0000
vt 0.0000 1.0000
vt 0.0000 0.0000
vt 1.0000 0.0000
vt 1.0000 1.0000
vt 0.0000 1.0000
vt 0.0000 0.0000
vt 1.0000 0.0000
vt 1.0000 1.0000
vt 0.0000 1.0000
vt 0.0000 0.0000
vt 1.0000 0.0000
vt 1.0000 1.0000
vt 0.0000 1.0000
vt 0.0000 0.0000
vt 1.0000 0.0000
vt 1.0000 1.0000
vt 0.0000 1.0000
vt 0.0000 0.0000
vt 1.0000 0.0000
vt 1.0000 1.0000
vt 0.0000 1.0000
vt 0.0000 0.0000
vt 1.0000 0.0000
vt 1.0000 1.0000
vt 0.0000 1.0000
vt 0.0000 0.0000
vt 1.0000 0.0000
vt 1.0000 1.0000
vt 0.0000 1.0000
vt 0.0000 0.0000
vt 1.0000 0.0000
vt 1.0000 1.0000
vt 0.0000 1.0000
vt 0.0000 0.0000
vt 1.0000 0.0000
vt 1.0000 1.0000
vt 0.0000 1.0000
vt 0.0000 0.0000
vt 1.0000 0.0000
vt 1.0000 1.0000
vt 0.0000 1.0000
vt 0.0000 0.0000
vt 1.0000 0.0000
vt 1.0000 1.0000
vt 0.0000 1.0000
vt 0.0000 0.0000
vt 1.0000 0.0000
vt 1.0000 1.0000
vt 0.0000 1.0000
vt 0.0000 0.0000
vt 1.0000 0.0000
vt 1.0000 1.0000
vt 0.0000 1.0000
vt 0.0000 0.0000
vt 1.0000 0.0000
vt 1.0000 1.0000
vt 0.0000 1.0000
vt 0.0000 0.0000
vt 1.0000 0.0000
vt 1.0000 1.0000
vt 0.0000 1.0000
vt 0.0000 0.0000
vt 1.0000 0.0000
vt 1.0000 1.0000
vt 0.0000 1.0000
vt 0.0000 0.0000
vt 1.0000 0.0000
vt 1.0000 1.0000
vt 0.0000 1.0000
vt 0.0000 0.0000
vt 1.0000 0.0000
vt 1.0000 1.0000
vt 0.0000 1.0000
vt 0.0000 0.0000
vt 1.0000 0.0000
vt 1.0000 1.0000
vt 0.0000 1.0000
vt 0.0000 0.0000
vt 1.0000 0.0000
vt 1.0000 1.0000
vt 0.0000 1.0000
vt 0.0000 0.0000
vt 1.0000 0.0000
vt 1.0000 1.0000
vt 0.0000 1.0000
vt 0.0000 0.0000
vt 1.0000 0.0000
vt 1.0000 1.0000
vt 0.0000 1.0000
vt 0.0000 0.0000
vt 1.0000 0.0000
vt 1.0000 1.0000
vt 0.0000 1.0000
vt 0.0000 0.0000
vt 1.0000 0.0000
vt 1.0000 1.0000
vt 0.0000 1.0000
vt 0.0000 0.0000
vt 1.0000 0.0000
vt 1.0000 1.0000
vt 0.0000 1.0000
vt 0.0000 0.0000
vt 1.0000 0.0000
vt 1.0000 1.0000
vt 0.0000 1.0000
vt 0.0000 0.0000
vt 1.0000 0.0000
vt 1.0000 1.0000
vt 0.0000 1.0000
vt 0.0000 0.0000
vt 1.0000 0.0000
vt 1.0000 1.0000
vt 0.0000 1.0000
vt 0.0000 0.0000
vt 1.0000 0.0000
vt 1.0000 1.0000
vt 0.0000 1.0000
vt 0.0000 0.0000
vt 1.0000 0.0000
vt 1.0000 1.0000
vt 0.0000 1.0000
vt 0.0000 0.0000
vt 1.0000 0.0000
vt 1.0000 1.0000
vt 0.0000 1.0000
vt 0.0000 0.0000
vt 1.0000 0.0000
vt 1.0000 1.0000
vt 0.0000 1.0000
vt 0.0000 0.0000
vt 1.0000 0.0000
vt 1.0000 1.0000
vt 0.0000 1.0000
vt 0.0000 0.0000
vt 1.0000 0.0000
vt 1.0000 1.0000
vt 0.0000 1.0000
vt 0.0000 0.0000
vt 1.0000 0.0000
vt 1.0000 1.0000
vt 0.0000 1.0000
vt 0.0000 0.0000
vt 1.0000 0.0000
vt 1.0000 1.0000
vt 0.0000 1.0000
vt 0.0000 0.0000
vt 1.0000 0.0000
vt 1.0000 1.0000
vt 0.0000 1.0000
vt 0.0000 0.0000
vt 1.0000 0.0000
vt 1.0000 1.0000
vt 0.0000 1.0000
vt 0.0000 0.0000
vt 1.0000 0.0000
vt 1.0000 1.0000
vt 0.0000 1.0000
vt 0.0000 0.0000
vt 1.0000 0.0000
vt 1.0000 1.0000
vt 0.0000 1.0000
vt 0.0000 0.0000
vt 1.0000 0.0000
vt 1.0000 1.0000
vt 0.0000 1.0000
vt 0.0000 0.0000
vt 1.0000 0.0000
vt 1.0000 1.0000
vt 0.0000 1.0000
vt 0.0000 0.0000
vt 1.0000 0.0000
vt 1.0000 1.0000
vt 0.0000 1.0000
vt 0.0000 0.0000
vt 1.0000 0.0000
vt 1.0000 1.0000
vt 0.0000 1.0000
vt 0.0000 0.0000
vt 1.0000 0.0000
vt 1.0000 1.0000
vt 0.0000 1.0000
vt 0.0000 0.0000
vt 1.0000 0.0000
vt 1.0000 1.0000
vt 0.0000 1.0000
vt 0.0000 0.0000
vt 1.0000 0.0000
vt 1.0000 1.0000
vt 0.0000 1.0000
vt 0.0000 0.0000
vt 1.0000 0.0000
vt 1.0000 1.0000
vt 0.0000 1.0000
vt 0.0000 0.0000
vt 1.0000 0.0000
vt 1.0000 1.0000
vt 0.0000 1.0000
vt 0.0000 0.0000
vt 1.0000 0.0000
vt 1.0000 1.0000
vt 0.0000 1.0000
vt 0.0000 0.0000
vt 1.0000 0.0000
vt 1.0000 1.0000
vt 0.0000 1.0000
vt 0.0000 0.0000
vt 1.0000 0.0000
vt 1.0000 1.0000
vt 0.0000 1.0000
vt 0.0000 0.0000
vt 1.0000 0.0000
vt 1.0000 1.0000
vt 0.0000 1.0000
vt 0.0000 0.0000
vt 1.0000 0.0000
vt 1.0000 1.0000
vt 0.0000 1.0000
vt 0.0000 0.0000
vt 1.0000 0.0000
vt 1.0000 1.0000
vt 0.0000 1.0000
vt 0.0000 0.0000
vt 1.0000 0.0000
vt 1.0000 1.0000
vt 0.0000 1.0000
vt 0.0000 0.0000
vt 1.0000 0.0000
vt 1.0000 1.0000
vt 0.0000 1.0000
vt 0.0000 0.0000
vt 1.0000 0.0000
vt 1.0000 1.0000
vt 0.0000 1.0000
vt 0.0000 0.0000
vt 1.0000 0.0000
vt 1.0000 1.0000
vt 0.0000 1.0000
vt 0.0000 0.0000
vt 1.0000 0.0000
vt 1.0000 1.0000
vt 0.0000 1.0000
vt 0.0000 0.0000
vt 1.0000 0.0000
vt 1.0000 1.0000
vt 0.0000 1.0000
vt 0.0000 0.0000
vt 1.0000 0.0000
vt 1.0000 1.0000
vt 0.0000 1.0000
vt 0.0000 0.0000
vt 1.0000 0.0000
vt 1.0000 1.0000
vt 0.0000 1.0000
vt 0.0000 0.0000
vt 1.0000 0.0000
vt 1.0000 1.0000
vt 0.0000 1.0000
vt 0.0000 0.0000
vt 1.0000 0.0000
vt 1.0000 1.0000
vt 0.0000 1.0000
vt 0.0000 0.0000
vt 1.0000 0.0000
vt 1.0000 1.0000
vt 0.0000 1.0000
vt 0.0000 0.0000
vt 1.0000 0.0000
vt 1.0000 1.0000
vt 0.0000 1.0000
vt 0.0000 0.0000
vt 1.0000 0.0000
vt 1.0000 1.0000
vt 0.0000 1.0000
vt 0.0000 0.0000
vt 1.0000 0.0000
vt 1.0000 1.0000
vt 0.0000 1.0000
vt 0.0000 0.0000
vt 1.0000 0.0000
vt 1.0000 1.0000
vt 0.0000 1.0000
vt 0.0000 0.0000
vt 1.0000 0.0000
vt 1.0000 1.0000
vt 0.0000 1.0000
vt 0.0000 0.0000
vt 1.0000 0.0000
vt 1.0000 1.0000
vt 0.0000 1.0000
vt 0.0000 0.0000
vt 1.0000 0.0000
vt 1.0000 1.0000
vt 0.0000 1.0000
vt 0.0000 0.0000
vt 1.0000 0.0000
vt 1.0000 1.0000
vt 0.0000 1.0000
vt 0.0000 0.0000
vt 1.0000 0.0000
vt 1.0000 1.0000
vt 0.0000 1.0000
vt 0.0000 0.0000
vt 1.0000 0.0000
vt 1.0000 1.0000
vt 0.0000 1.0000
vt 0.0000 0.0000
vt 1.0000 0.0000
vt 1.0000 1.0000
vt 0.0000 1.0000
vt 0.0000 0.0000
vt 1.0000 0.0000
vt 1.0000 1.0000
vt 0.0000 1.0000
vt 0.0000 0.0000
vt 1.0000 0.0000
vt 1.0000 1.0000
vt 0.0000 1.0000
vt 0.0000 0.0000
vt 1.0000 0.0000
vt 1.0000 1.0000
vt 0.0000 1.0000
vt 0.0000 0.0000
vt 1.0000 0.0000
vt 1.0000 1.0000
vt 0.0000 1.0000
vt 0.0000 0.0000
vt 1.0000 0.0000
vt 1.0000 1.0000
vt 0.0000 1.0000
vt 0.0000 0.0000
vt 1.0000 0.0000
vt 1.0000 1.0000
vt 0.0000 1.0000
vt 0.0000 0.0000
vt 1.0000 0.0000
vt 1.0000 1.0000
vt 0.0000 1.0000
vt 0.0000 0.0000
vt 1.0000 0.0000
vt 1.0000 1.0000
vt 0.0000 1.0000
vt 0.0000 0.0000
vt 1.0000 0.0000
vt 1.0000 1.0000
vt 0.0000 1.0000
vt 0.0000 0.0000
vt 1.0000 0.0000
vt 1.0000 1.0000
vt 0.0000 1.0000
vt 0.0000 0.0000
vt 1.0000 0.0000
vt 1.0000 1.0000
vt 0.0000 1.0000
vt 0.0000 0.0000
vt 1.0000 0.0000
vt 1.0000 1.0000
vt 0.0000 1.0000
vt 0.0000 0.0000
vt 1.0000 0.0000
vt 1.0000 1.0000
vt 0.0000 1.0000
vt 0.0000 0.0000
vt 1.0000 0.0000
vt 1.0000 1.0000
vt 0.0000 1.0000
vt 0.0000 0.0000
vt 1.0000 0.0000
vt 1.0000 1.0000
vt 0.0000 1.0000
vt 0.0000 0.0000
vt 1.0000 0.0000
vt 1.0000 1.0000
vt 0.0000 1.0000
vt 0.0000 0.0000
vt 1.0000 0.0000
vt 1.0000 1.0000
vt 0.0000 1.0000
vt 0.0000 0.0000
vt 1.0000 0.0000
vt 1.0000 1.0000
vt 0.0000 1.0000
vt 0.0000 0.0000
vt 1.0000 0.0000
vt 1.0000 1.0000
vt 0.0000 1.0000
vt 0.0000 0.0000
vt 1.0000 0.0000
vt 1.0000 1.0000
vt 0.0000 1.0000
vt 0.0000 0.0000
vt 1.0000 0.0000
vt 1.0000 1.0000
vt 0.0000 1.0000
vt 0.0000 0.0000
vt 1.0000 0.0000
vt 1.0000 1.0000
vt 0.0000 1.0000
vt 0.0000 0.0000
vt 1.0000 0.0000
vt 1.0000 1.0000
vt 0.0000 1.0000
vt 0.0000 0.0000
vt 1.0000 0.0000
vt 1.0000 1.0000
vt 0.0000 1.0000
vt 0.0000 0.0000
vt 1.0000 0.0000
vt 1.0000 1.0000
vt 0.0000 1.0000
vt 0.0000 0.0000
vt 1.0000 0.0000
vt 1.0000 1.0000
vt 0.0000 1.0000
vt 0.0000 0.0000
vt 1.0000 0.0000
vt 1.0000 1.0000
vt 0.0000 1.0000
vt 0.0000 0.0000
vt 1.0000 0.0000
vt 1.0000 1.0000
vt 0.0000 1.0000
vt 0.0000 0.0000
vt 1.0000 0.0000
vt 1.0000 1.0000
vt 0.0000 1.0000
vt 0.0000 0.0000
vt 1.0000 0.0000
vt 1.0000 1.0000
vt 0.0000 1.0000
vt 0.0000 0.0000
vt 1.0000 0.0000
vt 1.0000 1.0000
vt 0.0000 1.0000
vt 0.0000 0.0000
vt 1.0000 0.0000
vt 1.0000 1.0000
vt 0.0000 1.0000
vt 0.0000 0.0000
vt 1.0000 0.0000
vt 1.0000 1.0000
vt 0.0000 1.0000
vt 0.0000 0.0000
vt 1.0000 0.0000
vt 1.0000 1.0000
vt 0.0000 1.0000
vt 0.0000 0.0000
vt 1.0000 0.0000
vt 1.0000 1.0000
vt 0.0000 1.0000
vt 0.0000 0.0000
vt 1.0000 0.0000
vt 1.0000 1.0000
vt 0.0000 1.0000
vt 0.0000 0.0000
vt 1.0000 0.0000
vt 1.0000 1.0000
vt 0.0000 1.0000
vt 0.0000 0.0000
vt 1.0000 0.0000
vt 1.0000 1.0000
vt 0.0000 1.0000
vt 0.0000 0.0000
vt 1.0000 0.0000
vt 1.0000 1.0000
vt 0.0000 1.0000
vt 0.0000 0.0000
vt 1.0000 0.0000
vt 1.0000 1.0000
vt 0.0000 1.0000
vt 0.0000 0.0000
vt 1.0000 0.0000
vt 1.0000 1.0000
vt 0.0000 1.0000
vt 0.0000 0.0000
vt 1.0000 0.0000
vt 1.0000 1.0000
vt 0.0000 1.0000
vt 0.0000 0.0000
vt 1.0000 0.0000
vt 1.0000 1.0000
vt 0.0000 1.0000
vt 0.0000 0.0000
vt 1.0000 0.0000
vt 1.0000 1.0000
vt 0.0000 1.0000
vt 0.0000 0.0000
vt 1.0000 0.0000
vt 1.0000 1.0000
vt 0.0000 1.0000
vt 0.0000 0.0000
vt 1.0000 0.0000
vt 1.0000 1.0000
vt 0.0000 1.0000
vt 0.0000 0.0000
vt 1.0000 0.0000
vt 1.0000 1.0000
vt 0.0000 1.0000
vt 0.0000 0.0000
vt 1.0000 0.0000
vt 1.0000 1.0000
vt 0.0000 1.0000
vt 0.0000 0.0000
vt 1.0000 0.0000
vt 1.0000 1.0000
vt 0.0000 1.0000
vt 0.0000 0.0000
vt 1.0000 0.0000
vt 1.0000 1.0000
vt 0.0000 1.0000
vt 0.0000 0.0000
vt 1.0000 0.0000
vt 1.0000 1.0000
vt 0.0000 1.0000
vt 0.0000 0.0000
vt 1.0000 0.0000
vt 1.0000 1.0000
vt 0.0000 1.0000
vt 0.0000 0.0000
vt 1.0000 0.0000
vt 1.0000 1.0000
vt 0.0000 1.0000
vt 0.0000 0.0000
vt 1.0000 0.0000
vt 1.0000 1.0000
vt 0.0000 1.0000
vt 0.0000 0.0000
vt 1.0000 0.0000
vt 1.0000 1.0000
vt 0.0000 1.0000
vt 0.0000 0.0000
vt 1.0000 0.0000
vt 1.0000 1.0000
vt 0.0000 1.0000
vt 0.0000 0.0000
vt 1.0000 0.0000
vt 1.0000 1.0000
vt 0.0000 1.0000
vt 0.0000 0.0000
vt 1.0000 0.0000
vt 1.0000 1.0000
vt 0.0000 1.0000
vt 0.0000 0.0000
vt 1.0000 0.0000
vt 1.0000 1.0000
vt 0.0000 1.0000
vt 0.0000 0.0000
vt 1.0000 0.0000
vt 1.0000 1.0000
vt 0.0000 1.0000
vt 0.0000 0.0000
vt 1.0000 0.0000
vt 1.0000 1.0000
vt 0.0000 1.0000
vt 0.0000 0.0000
vt 1.0000 0.0000
vt 1.0000 1.0000
vt 0.0000 1.0000
vt 0.0000 0.0000
vt 1.0000 0.0000
vt 1.0000 1.0000
vt 0.0000 1.0000
vt 0.0000 0.0000
vt 1.0000 0.0000
vt 1.0000 1.0000
vt 0.0000 1.0000
vt 0.0000 0.0000
vt 1.0000 0.0000
vt 1.0000 1.0000
vt 0.0000 1.0000
vt 0.0000 0.0000
vt 1.0000 0.0000
vt 1.0000 1.0000
vt 0.0000 1.0000
vt 0.0000 0.0000
vt 1.0000 0.0000
vt 1.0000 1.0000
vt 0.0000 1.0000
vt 0.0000 0.0000
vt 1.0000 0.0000
vt 1.0000 1.0000
vt 0.0000 1.0000
vt 0.0000 0.0000
vt 1.0000 0.0000
vt 1.0000 1.0000
vt 0.0000 1.0000
vt 0.0000 0.0000
vt 1.0000 0.0000
vt 1.0000 1.0000
vt 0.0000 1.0000
vt 0.0000 0.0000
vt 1.0000 0.0000
vt 1.0000 1.0000
vt 0.0000 1.0000
vt 0.0000 0.0000
vt 1.0000 0.0000
vt 1.0000 1.0000
vt 0.0000 1.0000
vt 0.0000 0.0000
vt 1.0000 0.0000
vt 1.0000 1.0000
vt 0.0000 1.0000
vt 0.0000 0.0000
vt 1.0000 0.0000
vt 1.0000 1.0000
vt 0.0000 1.0000
vt 0.0000 0.0000
vt 1.0000 0.0000
vt 1.0000 1.0000
vt 0.0000 1.0000
vt 0.0000 0.0000
vt 1.0000 0.0000
vt 1.0000 1.0000
vt 0.0000 1.0000
vt 0.0000 0.0000
vt 1.0000 0.0000
vt 1.0000 1.0000
vt 0.0000 1.0000
vt 0.0000 0.0000
vt 1.0000 0.0000
vt 1.0000 1.0000
vt 0.0000 1.0000
vt 0.0000 0.0000
vt 1.0000 0.0000
vt 1.0000 1.0000
vt 0.0000 1.0000
vt 0.0000 0.0000
vt 1.0000 0.0000
vt 1.0000 1.0000
vt 0.0000 1.0000
vt 0.0000 0.0000
vt 1.0000 0.0000
vt 1.0000 1.0000
vt 0.0000 1.0000
vt 0.0000 0.0000
vt 1.0000 0.0000
vt 1.0000 1.0000
vt 0.0000 1.0000
vt 0.0000 0.0000
vt 1.0000 0.0000
vt 1.0000 1.0000
vt 0.0000 1.0000
vt 0.0000 0.0000
vt 1.0000 0.0000
vt 1.0000 1.0000
vt 0.0000 1.0000
vt 0.0000 0.0000
vt 1.0000 0.0000
vt 1.0000 1.0000
vt 0.0000 1.0000
vt 0.0000 0.0000
vt 1.0000 0.0000
vt 1.0000 1.0000
vt 0.0000 1.0000
vt 0.0000 0.0000
vt 1.0000 0.0000
vt 1.0000 1.0000
vt 0.0000 1.0000
vt 0.0000 0.0000
vt 1.0000 0.0000
vt 1.0000 1.0000
vt 0.0000 1.0000
vt 0.0000 0.0000
vt 1.0000 0.0000
vt 1.0000 1.0000
vt 0.0000 1.0000
vt 0.0000 0.0000
vt 1.0000 0.0000
vt 1.0000 1.0000
vt 0.0000 1.0000
vt 0.0000 0.0000
vt 1.0000 0.0000
vt 1.0000 1.0000
vt 0.0000 1.0000
vt 0.0000 0.0000
vt 1.0000 0.0000
vt 1.0000 1.0000
vt 0.0000 1.0000
vt 0.0000 0.0000
vt 1.0000 0.0000
vt 1.0000 1.0000
vt 0.0000 1.0000
vt 0.0000 0.0000
vt 1.0000 0.0000
vt 1.0000 1.0000
vt 0.0000 1.0000
vt 0.0000 0.0000
vt 1.0000 0.0000
vt 1.0000 1.0000
vt 0.0000 1.0000
vt 0.0000 0.0000
vt 1.0000 0.0000
vt 1.0000 1.0000
vt 0.0000 1.0000
vt 0.0000 0.0000
vt 1.0000 0.0000
vt 1.0000 1.0000
vt 0.0000 1.0000
vt 0.0000 0.0000
vt 1.0000 0.0000
vt 1.0000 1.0000
vt 0.0000 1.0000
vt 0.0000 0.0000
vt 1.0000 0.0000
vt 1.0000 1.0000
vt 0.0000 1.0000
vt 0.0000 0.0000
vt 1.0000 0.0000
vt 1.0000 1.0000
vt 0.0000 1.0000
vt 0.0000 0.0000
vt 1.0000 0.0000
vt 1.0000 1.0000
vt 0.0000 1.0000
vt 0.0000 0.0000
vt 1.0000 0.0000
vt 1.0000 1.0000
vt 0.0000 1.0000
vt 0.0000 0.0000
vt 1.0000 0.0000
vt 1.0000 1.0000
vt 0.0000 1.0000
vt 0.0000 0.0000
vt 1.0000 0.0000
vt 1.0000 1.0000
vt 0.0000 1.0000
vt 0.0000 0.0000
vt 1.0000 0.0000
vt 1.0000 1.0000
vt 0.0000 1.0000
vt 0.0000 0.0000
vt 1.0000 0.0000
vt 1.0000 1.0000
vt 0.0000 1.0000
vt 0.0000 0.0000
vt 1.0000 0.0000
vt 1.0000 1.0000
vt 0.0000 1.0000
vt 0.0000 0.0000
vt 1.0000 0.0000
vt 1.0000 1.0000
vt 0.0000 1.0000
vt 0.0000 0.0000
vt 1.0000 0.0000
vt 1.0000 1.0000
vt 0.0000 1.0000
vt 0.0000 0.0000
vt 1.0000 0.0000
vt 1.0000 1.0000
vt 0.0000 1.0000
vt 0.0000 0.0000
vt 1.0000 0.0000
vt 1.0000 1.0000
vt 0.0000 1.0000
vt 0.0000 0.0000
vt 1.0000 0.0000
vt 1.0000 1.0000
vt 0.0000 1.0000
vt 0.0000 0.0000
vt 1.0000 0.0000
vt 1.0000 1.0000
vt 0.0000 1.0000
vt 0.0000 0.0000
vt 1.0000 0.0000
vt 1.0000 1.0000
vt 0.0000 1.0000
vt 0.0000 0.0000
vt 1.0000 0.0000
vt 1.0000 1.0000
vt 0.0000 1.0000
vt 0.0000 0.0000
vt 1.0000 0.0000
vt 1.0000 1.0000
vt 0.0000 1.0000
vt 0.0000 0.0000
vt 1.0000 0.0000
vt 1.0000 1.0000
vt 0.0000 1.0000
vt 0.0000 0.0000
vt 1.0000 0.0000
vt 1.0000 1.0000
vt 0.0000 1.0000
vt 0.0000 0.0000
vt 1.0000 0.0000
vt 1.0000 1.0000
vt 0.0000 1.0000
vt 0.0000 0.0000
vt 1.0000 0.0000
vt 1.0000 1.0000
vt 0.0000 1.0000
vt 0.0000 0.0000
vt 1.0000 0.0000
vt 1.0000 1.0000
vt 0.0000 1.0000
vt 0.0000 0.0000
vt 1.0000 0.0000
vt 1.0000 1.0000
vt 0.0000 1.0000
vt 0.0000 0.0000
vt 1.0000 0.0000
vt 1.0000 1.0000
vt 0.0000 1.0000
vt 0.0000 0.0000
vt 1.0000 0.0000
vt 1.0000 1.0000
vt 0.0000 1.0000
vt 0.0000 0.0000
vt 1.0000 0.0000
vt 1.0000 1.0000
vt 0.0000 1.0000
vt 0.0000 0.0000
vt 1.0000 0.0000
vt 1.0000 1.0000
vt 0.0000 1.0000
vt 0.0000 0.0000
vt 1.0000 0.0000
vt 1.0000 1.0000
vt 0.0000 1.0000
vt 0.0000 0.0000
vt 1.0000 0.0000
vt 1.0000 1.0000
vt 0.0000 1.0000
vt 0.0000 0.0000
vt 1.0000 0.0000
vt 1.0000 1.0000
vt 0.0000 1.0000
vt 0.0000 0.0000
vt 1.0000 0.0000
vt 1.0000 1.0000
vt 0.0000 1.0000
vt 0.0000 0.0000
vt 1.0000 0.0000
vt 1.0000 1.0000
vt 0.0000 1.0000
vt 0.0000 0.0000
vt 1.0000 0.0000
vt 1.0000 1.0000
vt 0.0000 1.0000
vt 0.0000 0.0000
vt 1.0000 0.0000
vt 1.0000 1.0000
vt 0.0000 1.0000
vt 0.0000 0.0000
vt 1.0000 0.0000
vt 1.0000 1.0000
vt 0.0000 1.0000
vt 0.0000 0.0000
vt 1.0000 0.0000
vt 1.0000 1.0000
vt 0.0000 1.0000
vt 0.0000 0.0000
vt 1.0000 0.0000
vt 1.0000 1.0000
vt 0.0000 1.0000
vt 0.0000 0.0000
vt 1.0000 0.0000
vt 1.0000 1.0000
vt 0.0000 1.0000
vt 0.0000 0.0000
vt 1.0000 0.0000
vt 1.0000 1.0000
vt 0.0000 1.0000
vt 0.0000 0.0000
vt 1.0000 0.0000
vt 1.0000 1.0000
vt 0.0000 1.0000
vt 0.0000 0.0000
vt 1.0000 0.0000
vt 1.0000 1.0000
vt 0.0000 1.0000
vt 0.0000 0.0000
vt 1.0000 0.0000
vt 1.0000 1.0000
vt 0.0000 1.0000
vt 0.0000 0.0000
vt 1.0000 0.0000
vt 1.0000 1.0000
vt 0.0000 1.0000
vt 0.0000 0.0000
vt 1.0000 0.0000
vt 1.0000 1.0000
vt 0.0000 1.0000
vt 0.0000 0.0000
vt 1.0000 0.0000
vt 1.0000 1.0000
vt 0.0000 1.0000
vt 0.0000 0.0000
vt 1.0000 0.0000
vt 1.0000 1.0000
vt 0.0000 1.0000
vt 0.0000 0.0000
vt 1.0000 0.0000
vt 1.0000 1.0000
vt 0.0000 1.0000
vt 0.0000 0.0000
vt 1.0000 0.0000
vt 1.0000 1.0000
vt 0.0000 1.0000
vt 0.0000 0.0000
vt 1.0000 0.0000
vt 1.0000 1.0000
vt 0.0000 1.0000
vt 0.0000 0.0000
vt 1.0000 0.0000
vt 1.0000 1.0000
vt 0.0000 1.0000
vt 0.0000 0.0000
vt 1.0000 0.0000
vt 1.0000 1.0000
vt 0.0000 1.0000
vt 0.0000 0.0000
vt 1.0000 0.0000
vt 1.0000 1.0000
vt 0.0000 1.0000
vt 0.0000 0.0000
vt 1.0000 0.0000
vt 1.0000 1.0000
vt 0.0000 1.0000
vt 0.0000 0.0000
vt 1.0000 0.0000
vt 1.0000 1.0000
vt 0.0000 1.0000
vt 0.0000 0.0000
vt 1.0000 0.0000
vt 1.0000 1.0000
vt 0.0000 1.0000
vt 0.0000 0.0000
vt 1.0000 0.0000
vt 1.0000 1.0000
vt 0.0000 1.0000
vt 0.0000 0.0000
vt 1.0000 0.0000
vt 1.0000 1.0000
vt 0.0000 1.0000
vt 0.0000 0.0000
vt 1.0000 0.0000
vt 1.0000 1.0000
vt 0.0000 1.0000
vt 0.0000 0.0000
vt 1.0000 0.0000
vt 1.0000 1.0000
vt 0.0000 1.0000
vt 0.0000 0.0000
vt 1.0000 0.0000
vt 1.0000 1.0000
vt 0.0000 1.0000
vt 0.0000 0.0000
vt 1.0000 0.0000
vt 1.0000 1.0000
vt 0.0000 1.0000
vt 0.0000 0.0000
vt 1.0000 0.0000
vt 1.0000 1.0000
vt 0.0000 1.0000
vt 0.0000 0.0000
vt 1.0000 0.0000
vt 1.0000 1.0000
vt 0.0000 1.0000
vt 0.0000 0.0000
vt 1.0000 0.0000
vt 1.0000 1.0000
vt 0.0000 1.0000
vt 0.0000 0.0000
vt 1.0000 0.0000
vt 1.0000 1.0000
vt 0.0000 1.0000
vt 0.0000 0.0000
vt 1.0000 0.0000
vt 1.0000 1.0000
vt 0.0000 1.0000
vt 0.0000 0.0000
vt 1.0000 0.0000
vt 1.0000 1.0000
vt 0.0000 1.0000
vt 0.0000 0.0000
vt 1.0000 0.0000
vt 1.0000 1.0000
vt 0.0000 1.0000
vt 0.0000 0.0000
vt 1.0000 0.0000
vt 1.0000 1.0000
vt 0.0000 1.0000
vt 0.0000 0.0000
vt 1.0000 0.0000
vt 1.0000 1.0000
vt 0.0000 1.0000
vt 0.0000 0.0000
vt 1.0000 0.0000
vt 1.0000 1.0000
vt 0.0000 1.0000
vt 0.0000 0.0000
vt 1.0000 0.0000
vt 1.0000 1.0000
vt 0.0000 1.0000
vt 0.0000 0.0000
vt 1.0000 0.0000
vt 1.0000 1.0000
vt 0.0000 1.0000
vt 0.0000 0.0000
vt 1.0000 0.0000
vt 1.0000 1.0000
vt 0.0000 1.0000
vt 0.0000 0.0000
vt 1.0000 0.0000
vt 1.0000 1.0000
vt 0.0000 1.0000
vt 0.0000 0.0000
vt 1.0000 0.0000
vt 1.0000 1.0000
vt 0.0000 1.0000
vt 0.0000 0.0000
vt 1.0000 0.0000
vt 1.0000 1.0000
vt 0.0000 1.0000
vt 0.0000 0.0000
vt 1.0000 0.0000
vt 1.0000 1.0000
vt 0.0000 1.0000
vt 0.0000 0.0000
vt 1.0000 0.0000
vt 1.0000 1.0000
vt 0.0000 1.0000
vt 0.0000 0.0000
vt 1.0000 0.0000
vt 1.0000 1.0000
vt 0.0000 1.0000
vt 0.0000 0.0000
vt 1.0000 0.0000
vt 1.0000 1.0000
vt 0.0000 1.0000
vt 0.0000 0.0000
vt 1.0000 0.0000
vt 1.0000 1.0000
vt 0.0000 1.0000
vt 0.0000 0.0000
vt 1.0000 0.0000
vt 1.0000 1.0000
vt 0.0000 1.0000
vt 0.0000 0.0000
vt 1.0000 0.0000
vt 1.0000 1.0000
vt 0.0000 1.0000
vt 0.0000 0.0000
vt 1.0000 0.0000
vt 1.0000 1.0000
vt 0.0000 1.0000
vt 0.0000 0.0000
vt 1.0000 0.0000
vt 1.0000 1.0000
vt 0.0000 1.0000
vt 0.0000 0.0000
vt 1.0000 0.0000
vt 1.0000 1.0000
vt 0.0000 1.0000
vt 0.0000 0.0000
vt 1.0000 0.0000
vt 1.0000 1.0000
vt 0.0000 1.0000
vt 0.0000 0.0000
vt 1.0000 0.0000
vt 1.0000 1.0000
vt 0.0000 1.0000
vt 0.0000 0.0000
vt 1.0000 0.0000
vt 1.0000 1.0000
vt 0.0000 1.0000
vt 0.0000 0.0000
vt 1.0000 0.0000
vt 1.0000 1.0000
vt 0.0000 1.0000
vt 0.0000 0.0000
vt 1.0000 0.0000
vt 1.0000 1.0000
vt 0.0000 1.0000
vt 0.0000 0.0000
vt 1.0000 0.0000
vt 1.0000 1.0000
vt 0.0000 1.0000
vt 0.0000 0.0000
vt 1.0000 0.0000
vt 1.0000 1.0000
vt 0.0000 1.0000
vt 0.0000 0.0000
vt 1.0000 0.0000
vt 1.0000 1.0000
vt 0.0000 1.0000
vt 0.0000 0.0000
vt 1.0000 0.0000
vt 1.0000 1.0000
vt 0.0000 1.0000
vt 0.0000 0.0000
vt 1.0000 0.0000
vt 1.0000 1.0000
vt 0.0000 1.0000
vt 0.0000 0.0000
vt 1.0000 0.0000
vt 1.0000 1.0000
vt 0.0000 1.0000
vt 0.0000 0.0000
vt 1.0000 0.0000
vt 1.0000 1.0000
vt 0.0000 1.0000
vt 0.0000 0.0000
vt 1.0000 0.0000
vt 1.0000 1.0000
vt 0.0000 1.0000
vt 0.0000 0.0000
vt 1.0000 0.0000
vt 1.0000 1.0000
vt 0.0000 1.0000
vt 0.0000 0.0000
vt 1.0000 0.0000
vt 1.0000 1.0000
vt 0.0000 1.0000
vt 0.0000 0.0000
vt 1.0000 0.0000
vt 1.0000 1.0000
vt 0.0000 1.0000
vt 0.0000 0.0000
vt 1.0000 0.0000
vt 1.0000 1.0000
vt 0.0000 1.0000
vt 0.0000 0.0000
vt 1.0000 0.0000
vt 1.0000 1.0000
vt 0.0000 1.0000
vt 0.0000 0.0000
vt 1.0000 0.0000
vt 1.0000 1.0000
vt 0.0000 1.0000
vt 0.0000 0.0000
vt 1.0000 0.0000
vt 1.0000 1.0000
vt 0.0000 1.0000
vt 0.0000 0.0000
vt 1.0000 0.0000
vt 1.0000 1.0000
vt 0.0000 1.0000
vt 0.0000 0.0000
vt 1.0000 0.0000
vt 1.0000 1.0000
vt 0.0000 1.0000
vt 0.0000 0.0000
vt 1.0000 0.0000
vt 1.0000 1.0000
vt 0.0000 1.0000
vt 0.0000 0.0000
vt 1.0000 0.0000
vt 1.0000 1.0000
vt 0.0000 1.0000
vt 0.0000 0.0000
vt 1.0000 0.0000
vt 1.0000 1.0000
vt 0.0000 1.0000
vt 0.0000 0.0000
vt 1.0000 0.0000
vt 1.0000 1.0000
vt 0.0000 1.0000
vt 0.0000 0.0000
vt 1.0000 0.0000
vt 1.0000 1.0000
vt 0.0000 1.0000
vt 0.0000 0.0000
vt 1.0000 0.0000
vt 1.0000 1.0000
vt 0.0000 1.0000
vt 0.0000 0.0000
vt 1.0000 0.0000
vt 1.0000 1.0000
vt 0.0000 1.0000
vt 0.0000 0.0000
vt 1.0000 0.0000
vt 1.0000 1.0000
vt 0.0000 1.0000
vt 0.0000 0.0000
vt 1.0000 0.0000
vt 1.0000 1.0000
vt 0.0000 1.0000
vt 0.0000 0.0000
vt 1.0000 0.0000
vt 1.0000 1.0000
vt 0.0000 1.0000
vt 0.0000 0.0000
vt 1.0000 0.0000
vt 1.0000 1.0000
vt 0.0000 1.0000
vt 0.0000 0.0000
vt 1.0000 0.0000
vt 1.0000 1.0000
vt 0.0000 1.0000
vt 0.0000 0.0000
vt 1.0000 0.0000
vt 1.0000 1.0000
vt 0.0000 1.0000
vt 0.0000 0.0000
vt 1.0000 0.0000
vt 1.0000 1.0000
vt 0.0000 1.0000
vt 0.0000 0.0000
vt 1.0000 0.0000
vt 1.0000 1.0000
vt 0.0000 1.0000
vt 0.0000 0.0000
vt 1.0000 0.0000
vt 1.0000 1.0000
vt 0.0000 1.0000
vt 0.0000 0.0000
vt 1.0000 0.0000
vt 1.0000 1.0000
vt 0.0000 1.0000
vt 0.0000 0.0000
vt 1.0000 0.0000
vt 1.0000 1.0000
vt 0.0000 1.0000
vt 0.0000 0.0000
vt 1.0000 0.0000
vt 1.0000 1.0000
vt 0.0000 1.0000
vt 0.0000 0.0000
vt 1.0000 0.0000
vt 1.0000 1.0000
vt 0.0000 1.0000
vt 0.0000 0.0000
vt 1.0000 0.0000
vt 1.0000 1.0000
vt 0.0000 1.0000
vt 0.0000 0.0000
vt 1.0000 0.0000
vt 1.0000 1.0000
vt 0.0000 1.0000
vt 0.0000 0.0000
vt 1.0000 0.0000
vt 1.0000 1.0000
vt 0.0000 1.0000
vt 0.0000 0.0000
vt 1.0000 0.0000
vt 1.0000 1.0000
vt 0.0000 1.0000
vt 0.0000 0.0000
vt 1.0000 0.0000
vt 1.0000 1.0000
vt 0.0000 1.0000
vt 0.0000 0.0000
vt 1.0000 0.0000
vt 1.0000 1.0000
vt 0.0000 1.0000
vt 0.0000 0.0000
vt 1.0000 0.0000
vt 1.0000 1.0000
vt 0.0000 1.0000
vt 0.0000 0.0000
vt 1.0000 0.0000
vt 1.0000 1.0000
vt 0.0000 1.0000
vt 0.0000 0.0000
vt 1.0000 0.0000
vt 1.0000 1.0000
vt 0.0000 1.0000
vt 0.0000 0.0000
vt 1.0000 0.0000
vt 1.0000 1.0000
vt 0.0000 1.0000
vt 0.0000 0.0000
vt 1.0000 0.0000
vt 1.0000 1.0000
vt 0.0000 1.0000
vt 0.0000 0.0000
vt 1.0000 0.0000
vt 1.0000 1.0000
vt 0.0000 1.0000
vt 0.0000 0.0000
vt 1.0000 0.0000
vt 1.0000 1.0000
vt 0.0000 1.0000
vt 0.0000 0.0000
vt 1.0000 0.0000
vt 1.0000 1.0000
vt 0.0000 1.0000
vt 0.0000 0.0000
vt 1.0000 0.0000
vt 1.0000 1.0000
vt 0.0000 1.0000
vt 0.0000 0.0000
vt 1.0000 0.0000
vt 1.0000 1.0000
vt 0.0000 1.0000
vt 0.0000 0.0000
vt 1.0000 0.0000
vt 1.0000 1.0000
vt 0.0000 1.0000
vt 0.0000 0.0000
vt 1.0000 0.0000
vt 1.0000 1.0000
vt 0.0000 1.0000
vt 0.0000 0.0000
vt 1.0000 0.0000
vt 1.0000 1.0000
vt 0.0000 1.0000
vt 0.0000 0.0000
vt 1.0000 0.0000
vt 1.0000 1.0000
vt 0.0000 1.0000
vt 0.0000 0.0000
vt 1.0000 0.0000
vt 1.0000 1.0000
vt 0.0000 1.0000
vt 0.0000 0.0000
vt 1.0000 0.0000
vt 1.0000 1.0000
vt 0.0000 1.0000
vt 0.0000 0.0000
vt 1.0000 0.0000
vt 1.0000 1.0000
vt 0.0000 1.0000
vt 0.0000 0.0000
vt 1.0000 0.0000
vt 1.0000 1.0000
vt 0.0000 1.0000
vt 0.0000 0.0000
vt 1.0000 0.0000
vt 1.0000 1.0000
vt 0.0000 1.0000
vt 0.0000 0.0000
vt 1.0000 0.0000
vt 1.0000 1.0000
vt 0.0000 1.0000
vt 0.0000 0.0000
vt 1.0000 0.0000
vt 1.0000 1.0000
vt 0.0000 1.0000
vt 0.0000 0.0000
vt 1.0000 0.0000
vt 1.0000 1.0000
vt 0.0000 1.0000
vt 0.0000 0.0000
vt 1.0000 0.0000
vt 1.0000 1.0000
vt 0.0000 1.0000
vt 0.0000 0.0000
vt 1.0000 0.0000
vt 1.0000 1.0000
vt 0.0000 1.0000
vt 0.0000 0.0000
vt 1.0000 0.0000
vt 1.0000 1.0000
vt 0.0000 1.0000
vt 0.0000 0.0000
vt 1.0000 0.0000
vt 1.0000 1.0000
vt 0.0000 1.0000
vt 0.0000 0.0000
vt 1.0000 0.0000
vt 1.0000 1.0000
vt 0.0000 1.0000
vt 0.0000 0.0000
vt 1.0000 0.0000
vt 1.0000 1.0000
vt 0.0000 1.0000
vt 0.0000 0.0000
vt 1.0000 0.0000
vt 1.0000 1.0000
vt 0.0000 1.0000
vt 0.0000 0.0000
vt 1.0000 0.0000
vt 1.0000 1.0000
vt 0.0000 1.0000
vt 0.0000 0.0000
vt 1.0000 0.0000
vt 1.0000 1.0000
vt 0.0000 1.0000
vt 0.0000 0.0000
vt 1.0000 0.0000
vt 1.0000 1.0000
vt 0.0000 1.0000
vt 0.0000 0.0000
vt 1.0000 0.0000
vt 1.0000 1.0000
vt 0.0000 1.0000
vt 0.0000 0.0000
vt 1.0000 0.0000
vt 1.0000 1.0000
vt 0.0000 1.0000
vt 0.0000 0.0000
vt 1.0000 0.0000
vt 1.0000 1.0000
vt 0.0000 1.0000
vt 0.0000 0.0000
vt 1.0000 0.0000
vt 1.0000 1.0000
vt 0.0000 1.0000
vt 0.0000 0.0000
vt 1.0000 0.0000
vt 1.0000 1.0000
vt 0.0000 1.0000
vt 0.0000 0.0000
vt 1.0000 0.0000
vt 1.0000 1.0000
vt 0.0000 1.0000
vt 0.0000 0.0000
vt 1.0000 0.0000
vt 1.0000 1.0000
vt 0.0000 1.0000
vt 0.0000 0.0000
vt 1.0000 0.0000
vt 1.0000 1.0000
vt 0.0000 1.0000
vt 0.0000 0.0000
vt 1.0000 0.0000
vt 1.0000 1.0000
vt 0.0000 1.0000
vt 0.0000 0.0000
vt 1.0000 0.0000
vt 1.0000 1.0000
vt 0.0000 1.0000
vt 0.0000 0.0000
vt 1.0000 0.0000
vt 1.0000 1.0000
vt 0.0000 1.0000
vt 0.0000 0.0000
vt 1.0000 0.0000
vt 1.0000 1.0000
vt 0.0000 1.0000
vt 0.0000 0.0000
vt 1.0000 0.0000
vt 1.0000 1.0000
vt 0.0000 1.0000
vt 0.0000 0.0000
vt 1.0000 0.0000
vt 1.0000 1.0000
vt 0.0000 1.0000
vt 0.0000 0.0000
vt 1.0000 0.0000
vt 1.0000 1.0000
vt 0.0000 1.0000
vt 0.0000 0.0000
vt 1.0000 0.0000
vt 1.0000 1.0000
vt 0.0000 1.0000
vt 0.0000 0.0000
vt 1.0000 0.0000
vt 1.0000 1.0000
vt 0.0000 1.0000
vt 0.0000 0.0000
vt 1.0000 0.0000
vt 1.0000 1.0000
vt 0.0000 1.0000
vt 0.0000 0.0000
vt 1.0000 0.0000
vt 1.0000 1.0000
vt 0.0000 1.0000
vt 0.0000 0.0000
vt 1.0000 0.0000
vt 1.0000 1.0000
vt 0.0000 1.0000
vt 0.0000 0.0000
vt 1.0000 0.0000
vt 1.0000 1.0000
vt 0.0000 1.0000
vt 0.0000 0.0000
vt 1.0000 0.0000
vt 1.0000 1.0000
vt 0.0000 1.0000
vt 0.0000 0.0000
vt 1.0000 0.0000
vt 1.0000 1.0000
vt 0.0000 1.0000
vt 0.0000 0.0000
vt 1.0000 0.0000
vt 1.0000 1.0000
vt 0.0000 1.0000
vt 0.0000 0.0000
vt 1.0000 0.0000
vt 1.0000 1.0000
vt 0.0000 1.0000
vt 0.0000 0.0000
vt 1.0000 0.0000
vt 1.0000 1.0000
vt 0.0000 1.0000
vt 0.0000 0.0000
vt 1.0000 0.0000
vt 1.0000 1.0000
vt 0.0000 1.0000
vt 0.0000 0.0000
vt 1.0000 0.0000
vt 1.0000 1.0000
vt 0.0000 1.0000
vt 0.0000 0.0000
vt 1.0000 0.0000
vt 1.0000 1.0000
vt 0.0000 1.0000
vt 0.0000 0.0000
vt 1.0000 0.0000
vt 1.0000 1.0000
vt 0.0000 1.0000
vt 0.0000 0.0000
vt 1.0000 0.0000
vt 1.0000 1.0000
vt 0.0000 1.0000
vt 0.0000 0.0000
vt 1.0000 0.0000
vt 1.0000 1.0000
vt 0.0000 1.0000
vt 0.0000 0.0000
vt 1.0000 0.0000
vt 1.0000 1.0000
vt 0.0000 1.0000
vt 0.0000 0.0000
vt 1.0000 0.0000
vt 1.0000 1.0000
vt 0.0000 1.0000
vt 0.0000 0.0000
vt 1.0000 0.0000
vt 1.0000 1.0000
vt 0.0000 1.0000
vt 0.0000 0.0000
vt 1.0000 0.0000
vt 1.0000 1.0000
vt 0.0000 1.0000
vt 0.0000 0.0000
vt 1.0000 0.0000
vt 1.0000 1.0000
vt 0.0000 1.0000
vt 0.0000 0.0000
vt 1.0000 0.0000
vt 1.0000 1.0000
vt 0.0000 1.0000
vt 0.0000 0.0000
vt 1.0000 0.0000
vt 1.0000 1.0000
vt 0.0000 1.0000
vt 0.0000 0.0000
vt 1.0000 0.0000
vt 1.0000 1.0000
vt 0.0000 1.0000
vt 0.0000 0.0000
vt 1.0000 0.0000
vt 1.0000 1.0000
vt 0.0000 1.0000
vt 0.0000 0.0000
vt 1.0000 0.0000
vt 1.0000 1.0000
vt 0.0000 1.0000
vt 0.0000 0.0000
vt 1.0000 0.0000
vt 1.0000 1.0000
vt 0.0000 1.0000
vt 0.0000 0.0000
vt 1.0000 0.0000
vt 1.0000 1.0000
vt 0.0000 1.0000
vt 0.0000 0.0000
vt 1.0000 0.0000
vt 1.0000 1.0000
vt 0.0000 1.0000
vt 0.0000 0.0000
vt 1.0000 0.0000
vt 1.0000 1.0000
vt 0.0000 1.0000
vt 0.0000 0.0000
vt 1.0000 0.0000
vt 1.0000 1.0000
vt 0.0000 1.0000
vt 0.0000 0.0000
vt 1.0000 0.0000
vt 1.0000 1.0000
vt 0.0000 1.0000
vt 0.0000 0.0000
vt 1.0000 0.0000
vt 1.0000 1.0000
vt 0.0000 1.0000
vt 0.0000 0.0000
vt 1.0000 0.0000
vt 1.0000 1.0000
vt 0.0000 1.0000
vt 0.0000 0.0000
vt 1.0000 0.0000
vt 1.0000 1.0000
vt 0.0000 1.0000
vt 0.0000 0.0000
vt 1.0000 0.0000
vt 1.0000 1.0000
vt 0.0000 1.0000
vt 0.0000 0.0000
vt 1.0000 0.0000
vt 1.0000 1.0000
vt 0.0000 1.0000
vt 0.0000 0.0000
vt 1.0000 0.0000
vt 1.0000 1.0000
vt 0.0000 1.0000
vt 0.0000 0.0000
vt 1.0000 0.0000
vt 1.0000 1.0000
vt 0.0000 1.0000
vt 0.0000 0.0000
vt 1.0000 0.0000
vt 1.0000 1.0000
vt 0.0000 1.0000
vt 0.0000 0.0000
vt 1.0000 0.0000
vt 1.0000 1.0000
vt 0.0000 1.0000
vt 0.0000 0.0000
vt 1.0000 0.0000
vt 1.0000 1.0000
vt 0.0000 1.0000
vt 0.0000 0.0000
vt 1.0000 0.0000
vt 1.0000 1.0000
vt 0.0000 1.0000
vt 0.0000 0.0000
vt 0.1250 0.0000
vt 0.1250 1.0000
vt 0.0000 1.0000
vt 0.5000 0.5000
vt 0.0000 0.0000
vt 1.0000 0.0000
vt 0.5000 0.5000
vt 1.0000 0.0000
vt 0.0000 0.0000
vt 0.1250 0.0000
vt 0.2500 0.0000
vt 0.2500 1.0000
vt 0.1250 1.0000
vt 0.5000 0.5000
vt 0.0000 0.0000
vt 1.0000 0.0000
vt 0.5000 0.5000
vt 1.0000 0.0000
vt 0.0000 0.0000
vt 0.2500 0.0000
vt 0.3750 0.0000
vt 0.3750 1.0000
vt 0.2500 1.0000
vt 0.5000 0.5000
vt 0.0000 0.0000
vt 1.0000 0.0000
vt 0.5000 0.5000
vt 1.0000 0.0000
vt 0.0000 0.0000
vt 0.3750 0.0000
vt 0.5000 0.0000
vt 0.5000 1.0000
vt 0.3750 1.0000
vt 0.5000 0.5000
vt 0.0000 0.0000
vt 1.0000 0.0000
vt 0.5000 0.5000
vt 1.0000 0.0000
vt 0.0000 0.0000
vt 0.5000 0.0000
vt 0.6250 0.0000
vt 0.6250 1.0000
vt 0.5000 1.0000
vt 0.5000 0.5000
vt 0.0000 0.0000
vt 1.0000 0.0000
vt 0.5000 0.5000
vt 1.0000 0.0000
vt 0.0000 0.0000
vt 0.6250 0.0000
vt 0.7500 0.0000
vt 0.7500 1.0000
vt 0.6250 1.0000
vt 0.5000 0.5000
vt 0.0000 0.0000
vt 1.0000 0.0000
vt 0.5000 0.5000
vt 1.0000 0.0000
vt 0.0000 0.0000
vt 0.7500 0.0000
vt 0.8750 0.0000
vt 0.8750 1.0000
vt 0.7500 1.0000
vt 0.5000 0.5000
vt 0.0000 0.0000
vt 1.0000 0.0000
vt 0.5000 0.5000
vt 1.0000 0.0000
vt 0.0000 0.0000
vt 0.8750 0.0000
vt 1.0000 0.0000
vt 1.0000 1.0000
vt 0.8750 1.0000
vt 0.5000 0.5000
vt 0.0000 0.0000
vt 1.0000 0.0000
vt 0.5000 0.5000
vt 1.0000 0.0000
vt 0.0000 0.0000
vt 0.0000 0.0000
vt 0.1250 0.0000
vt 0.1250 1.0000
vt 0.0000 1.0000
vt 0.5000 0.5000
vt 0.0000 0.0000
vt 1.0000 0.0000
vt 0.5000 0.5000
vt 1.0000 0.0000
vt 0.0000 0.0000
vt 0.1250 0.0000
vt 0.2500 0.0000
vt 0.2500 1.0000
vt 0.1250 1.0000
vt 0.5000 0.5000
vt 0.0000 0.0000
vt 1.0000 0.0000
vt 0.5000 0.5000
vt 1.0000 0.0000
vt 0.0000 0.0000
vt 0.2500 0.0000
vt 0.3750 0.0000
vt 0.3750 1.0000
vt 0.2500 1.0000
vt 0.5000 0.5000
vt 0.0000 0.0000
vt 1.0000 0.0000
vt 0.5000 0.5000
vt 1.0000 0.0000
vt 0.0000 0.0000
vt 0.3750 0.0000
vt 0.5000 0.0000
vt 0.5000 1.0000
vt 0.3750 1.0000
vt 0.5000 0.5000
vt 0.0000 0.0000
vt 1.0000 0.0000
vt 0.5000 0.5000
vt 1.0000 0.0000
vt 0.0000 0.0000
vt 0.5000 0.0000
vt 0.6250 0.0000
vt 0.6250 1.0000
vt 0.5000 1.0000
vt 0.5000 0.5000
vt 0.0000 0.0000
vt 1.0000 0.0000
vt 0.5000 0.5000
vt 1.0000 0.0000
vt 0.0000 0.0000
vt 0.6250 0.0000
vt 0.7500 0.0000
vt 0.7500 1.0000
vt 0.6250 1.0000
vt 0.5000 0.5000
vt 0.0000 0.0000
vt 1.0000 0.0000
vt 0.5000 0.5000
vt 1.0000 0.0000
vt 0.0000 0.0000
vt 0.7500 0.0000
vt 0.8750 0.0000
vt 0.8750 1.0000
vt 0.7500 1.0000
vt 0.5000 0.5000
vt 0.0000 0.0000
vt 1.0000 0.0000
vt 0.5000 0.5000
vt 1.0000 0.0000
vt 0.0000 0.0000
vt 0.8750 0.0000
vt 1.0000 0.0000
vt 1.0000 1.0000
vt 0.8750 1.0000
vt 0.5000 0.5000
vt 0.0000 0.0000
vt 1.0000 0.0000
vt 0.5000 0.5000
vt 1.0000 0.0000
vt 0.0000 0.0000
vt 0.0000 0.0000
vt 0.1250 0.0000
vt 0.1250 1.0000
vt 0.0000 1.0000
vt 0.5000 0.5000
vt 0.0000 0.0000
vt 1.0000 0.0000
vt 0.5000 0.5000
vt 1.0000 0.0000
vt 0.0000 0.0000
vt 0.1250 0.0000
vt 0.2500 0.0000
vt 0.2500 1.0000
vt 0.1250 1.0000
vt 0.5000 0.5000
vt 0.0000 0.0000
vt 1.0000 0.0000
vt 0.5000 0.5000
vt 1.0000 0.0000
vt 0.0000 0.0000
vt 0.2500 0.0000
vt 0.3750 0.0000
vt 0.3750 1.0000
vt 0.2500 1.0000
vt 0.5000 0.5000
vt 0.0000 0.0000
vt 1.0000 0.0000
vt 0.5000 0.5000
vt 1.0000 0.0000
vt 0.0000 0.0000
vt 0.3750 0.0000
vt 0.5000 0.0000
vt 0.5000 1.0000
vt 0.3750 1.0000
vt 0.5000 0.5000
vt 0.0000 0.0000
vt 1.0000 0.0000
vt 0.5000 0.5000
vt 1.0000 0.0000
vt 0.0000 0.0000
vt 0.5000 0.0000
vt 0.6250 0.0000
vt 0.6250 1.0000
vt 0.5000 1.0000
vt 0.5000 0.5000
vt 0.0000 0.0000
vt 1.0000 0.0000
vt 0.5000 0.5000
vt 1.0000 0.0000
vt 0.0000 0.0000
vt 0.6250 0.0000
vt 0.7500 0.0000
vt 0.7500 1.0000
vt 0.6250 1.0000
vt 0.5000 0.5000
vt 0.0000 0.0000
vt 1.0000 0.0000
vt 0.5000 0.5000
vt 1.0000 0.0000
vt 0.0000 0.0000
vt 0.7500 0.0000
vt 0.8750 0.0000
vt 0.8750 1.0000
vt 0.7500 1.0000
vt 0.5000 0.5000
vt 0.0000 0.0000
vt 1.0000 0.0000
vt 0.5000 0.5000
vt 1.0000 0.0000
vt 0.0000 0.0000
vt 0.8750 0.0000
vt 1.0000 0.0000
vt 1.0000 1.0000
vt 0.8750 1.0000
vt 0.5000 0.5000
vt 0.0000 0.0000
vt 1.0000 0.0000
vt 0.5000 0.5000
vt 1.0000 0.0000
vt 0.0000 0.0000
vt 0.0000 0.0000
vt 0.1250 0.0000
vt 0.1250 1.0000
vt 0.0000 1.0000
vt 0.5000 0.5000
vt 0.0000 0.0000
vt 1.0000 0.0000
vt 0.5000 0.5000
vt 1.0000 0.0000
vt 0.0000 0.0000
vt 0.1250 0.0000
vt 0.2500 0.0000
vt 0.2500 1.0000
vt 0.1250 1.0000
vt 0.5000 0.5000
vt 0.0000 0.0000
vt 1.0000 0.0000
vt 0.5000 0.5000
vt 1.0000 0.0000
vt 0.0000 0.0000
vt 0.2500 0.0000
vt 0.3750 0.0000
vt 0.3750 1.0000
vt 0.2500 1.0000
vt 0.5000 0.5000
vt 0.0000 0.0000
vt 1.0000 0.0000
vt 0.5000 0.5000
vt 1.0000 0.0000
vt 0.0000 0.0000
vt 0.3750 0.0000
vt 0.5000 0.0000
vt 0.5000 1.0000
vt 0.3750 1.0000
vt 0.5000 0.5000
vt 0.0000 0.0000
vt 1.0000 0.0000
vt 0.5000 0.5000
vt 1.0000 0.0000
vt 0.0000 0.0000
vt 0.5000 0.0000
vt 0.6250 0.0000
vt 0.6250 1.0000
vt 0.5000 1.0000
vt 0.5000 0.5000
vt 0.0000 0.0000
vt 1.0000 0.0000
vt 0.5000 0.5000
vt 1.0000 0.0000
vt 0.0000 0.0000
vt 0.6250 0.0000
vt 0.7500 0.0000
vt 0.7500 1.0000
vt 0.6250 1.0000
vt 0.5000 0.5000
vt 0.0000 0.0000
vt 1.0000 0.0000
vt 0.5000 0.5000
vt 1.0000 0.0000
vt 0.0000 0.0000
vt 0.7500 0.0000
vt 0.8750 0.0000
vt 0.8750 1.0000
vt 0.7500 1.0000
vt 0.5000 0.5000
vt 0.0000 0.0000
vt 1.0000 0.0000
vt 0.5000 0.5000
vt 1.0000 0.0000
vt 0.0000 0.0000
vt 0.8750 0.0000
vt 1.0000 0.0000
vt 1.0000 1.0000
vt 0.8750 1.0000
vt 0.5000 0.5000
vt 0.0000 0.0000
vt 1.0000 0.0000
vt 0.5000 0.5000
vt 1.0000 0.0000
vt 0.0000 0.0000
vt 0.0000 0.0000
vt 0.1250 0.0000
vt 0.1250 1.0000
vt 0.0000 1.0000
vt 0.5000 0.5000
vt 0.0000 0.0000
vt 1.0000 0.0000
vt 0.5000 0.5000
vt 1.0000 0.0000
vt 0.0000 0.0000
vt 0.1250 0.0000
vt 0.2500 0.0000
vt 0.2500 1.0000
vt 0.1250 1.0000
vt 0.5000 0.5000
vt 0.0000 0.0000
vt 1.0000 0.0000
vt 0.5000 0.5000
vt 1.0000 0.0000
vt 0.0000 0.0000
vt 0.2500 0.0000
vt 0.3750 0.0000
vt 0.3750 1.0000
vt 0.2500 1.0000
vt 0.5000 0.5000
vt 0.0000 0.0000
vt 1.0000 0.0000
vt 0.5000 0.5000
vt 1.0000 0.0000
vt 0.0000 0.0000
vt 0.3750 0.0000
vt 0.5000 0.0000
vt 0.5000 1.0000
vt 0.3750 1.0000
vt 0.5000 0.5000
vt 0.0000 0.0000
vt 1.0000 0.0000
vt 0.5000 0.5000
vt 1.0000 0.0000
vt 0.0000 0.0000
vt 0.5000 0.0000
vt 0.6250 0.0000
vt 0.6250 1.0000
vt 0.5000 1.0000
vt 0.5000 0.5000
vt 0.0000 0.0000
vt 1.0000 0.0000
vt 0.5000 0.5000
vt 1.0000 0.0000
vt 0.0000 0.0000
vt 0.6250 0.0000
vt 0.7500 0.0000
vt 0.7500 1.0000
vt 0.6250 1.0000
vt 0.5000 0.5000
vt 0.0000 0.0000
vt 1.0000 0.0000
vt 0.5000 0.5000
vt 1.0000 0.0000
vt 0.0000 0.0000
vt 0.7500 0.0000
vt 0.8750 0.0000
vt 0.8750 1.0000
vt 0.7500 1.0000
vt 0.5000 0.5000
vt 0.0000 0.0000
vt 1.0000 0.0000
vt 0.5000 0.5000
vt 1.0000 0.0000
vt 0.0000 0.0000
vt 0.8750 0.0000
vt 1.0000 0.0000
vt 1.0000 1.0000
vt 0.8750 1.0000
vt 0.5000 0.5000
vt 0.0000 0.0000
vt 1.0000 0.0000
vt 0.5000 0.5000
vt 1.0000 0.0000
vt 0.0000 0.0000
vt 0.0000 0.0000
vt 0.1250 0.0000
vt 0.1250 1.0000
vt 0.0000 1.0000
vt 0.5000 0.5000
vt 0.0000 0.0000
vt 1.0000 0.0000
vt 0.5000 0.5000
vt 1.0000 0.0000
vt 0.0000 0.0000
vt 0.1250 0.0000
vt 0.2500 0.0000
vt 0.2500 1.0000
vt 0.1250 1.0000
vt 0.5000 0.5000
vt 0.0000 0.0000
vt 1.0000 0.0000
vt 0.5000 0.5000
vt 1.0000 0.0000
vt 0.0000 0.0000
vt 0.2500 0.0000
vt 0.3750 0.0000
vt 0.3750 1.0000
vt 0.2500 1.0000
vt 0.5000 0.5000
vt 0.0000 0.0000
vt 1.0000 0.0000
vt 0.5000 0.5000
vt 1.0000 0.0000
vt 0.0000 0.0000
vt 0.3750 0.0000
vt 0.5000 0.0000
vt 0.5000 1.0000
vt 0.3750 1.0000
vt 0.5000 0.5000
vt 0.0000 0.0000
vt 1.0000 0.0000
vt 0.5000 0.5000
vt 1.0000 0.0000
vt 0.0000 0.0000
vt 0.5000 0.0000
vt 0.6250 0.0000
vt 0.6250 1.0000
vt 0.5000 1.0000
vt 0.5000 0.5000
vt 0.0000 0.0000
vt 1.0000 0.0000
vt 0.5000 0.5000
vt 1.0000 0.0000
vt 0.0000 0.0000
vt 0.6250 0.0000
vt 0.7500 0.0000
vt 0.7500 1.0000
vt 0.6250 1.0000
vt 0.5000 0.5000
vt 0.0000 0.0000
vt 1.0000 0.0000
vt 0.5000 0.5000
vt 1.0000 0.0000
vt 0.0000 0.0000
vt 0.7500 0.0000
vt 0.8750 0.0000
vt 0.8750 1.0000
vt 0.7500 1.0000
vt 0.5000 0.5000
vt 0.0000 0.0000
vt 1.0000 0.0000
vt 0.5000 0.5000
vt 1.0000 0.0000
vt 0.0000 0.0000
vt 0.8750 0.0000
vt 1.0000 0.0000
vt 1.0000 1.0000
vt 0.8750 1.0000
vt 0.5000 0.5000
vt 0.0000 0.0000
vt 1.0000 0.0000
vt 0.5000 0.5000
vt 1.0000 0.0000
vt 0.0000 0.0000
vt 0.0000 0.0000
vt 0.1250 0.0000
vt 0.1250 1.0000
vt 0.0000 1.0000
vt 0.5000 0.5000
vt 0.0000 0.0000
vt 1.0000 0.0000
vt 0.5000 0.5000
vt 1.0000 0.0000
vt 0.0000 0.0000
vt 0.1250 0.0000
vt 0.2500 0.0000
vt 0.2500 1.0000
vt 0.1250 1.0000
vt 0.5000 0.5000
vt 0.0000 0.0000
vt 1.0000 0.0000
vt 0.5000 0.5000
vt 1.0000 0.0000
vt 0.0000 0.0000
vt 0.2500 0.0000
vt 0.3750 0.0000
vt 0.3750 1.0000
vt 0.2500 1.0000
vt 0.5000 0.5000
vt 0.0000 0.0000
vt 1.0000 0.0000
vt 0.5000 0.5000
vt 1.0000 0.0000
vt 0.0000 0.0000
vt 0.3750 0.0000
vt 0.5000 0.0000
vt 0.5000 1.0000
vt 0.3750 1.0000
vt 0.5000 0.5000
vt 0.0000 0.0000
vt 1.0000 0.0000
vt 0.5000 0.5000
vt 1.0000 0.0000
vt 0.0000 0.0000
vt 0.5000 0.0000
vt 0.6250 0.0000
vt 0.6250 1.0000
vt 0.5000 1.0000
vt 0.5000 0.5000
vt 0.0000 0.0000
vt 1.0000 0.0000
vt 0.5000 0.5000
vt 1.0000 0.0000
vt 0.0000 0.0000
vt 0.6250 0.0000
vt 0.7500 0.0000
vt 0.7500 1.0000
vt 0.6250 1.0000
vt 0.5000 0.5000
vt 0.0000 0.0000
vt 1.0000 0.0000
vt 0.5000 0.5000
vt 1.0000 0.0000
vt 0.0000 0.0000
vt 0.7500 0.0000
vt 0.8750 0.0000
vt 0.8750 1.0000
vt 0.7500 1.0000
vt 0.5000 0.5000
vt 0.0000 0.0000
vt 1.0000 0.0000
vt 0.5000 0.5000
vt 1.0000 0.0000
vt 0.0000 0.0000
vt 0.8750 0.0000
vt 1.0000 0.0000
vt 1.0000 1.0000
vt 0.8750 1.0000
vt 0.5000 0.5000
vt 0.0000 0.0000
vt 1.0000 0.0000
vt 0.5000 0.5000
vt 1.0000 0.0000
vt 0.0000 0.0000
vt 0.0000 0.0000
vt 0.1250 0.0000
vt 0.1250 1.0000
vt 0.0000 1.0000
vt 0.5000 0.5000
vt 0.0000 0.0000
vt 1.0000 0.0000
vt 0.5000 0.5000
vt 1.0000 0.0000
vt 0.0000 0.0000
vt 0.1250 0.0000
vt 0.2500 0.0000
vt 0.2500 1.0000
vt 0.1250 1.0000
vt 0.5000 0.5000
vt 0.0000 0.0000
vt 1.0000 0.0000
vt 0.5000 0.5000
vt 1.0000 0.0000
vt 0.0000 0.0000
vt 0.2500 0.0000
vt 0.3750 0.0000
vt 0.3750 1.0000
vt 0.2500 1.0000
vt 0.5000 0.5000
vt 0.0000 0.0000
vt 1.0000 0.0000
vt 0.5000 0.5000
vt 1.0000 0.0000
vt 0.0000 0.0000
vt 0.3750 0.0000
vt 0.5000 0.0000
vt 0.5000 1.0000
vt 0.3750 1.0000
vt 0.5000 0.5000
vt 0.0000 0.0000
vt 1.0000 0.0000
vt 0.5000 0.5000
vt 1.0000 0.0000
vt 0.0000 0.0000
vt 0.5000 0.0000
vt 0.6250 0.0000
vt 0.6250 1.0000
vt 0.5000 1.0000
vt 0.5000 0.5000
vt 0.0000 0.0000
vt 1.0000 0.0000
vt 0.5000 0.5000
vt 1.0000 0.0000
vt 0.0000 0.0000
vt 0.6250 0.0000
vt 0.7500 0.0000
vt 0.7500 1.0000
vt 0.6250 1.0000
vt 0.5000 0.5000
vt 0.0000 0.0000
vt 1.0000 0.0000
vt 0.5000 0.5000
vt 1.0000 0.0000
vt 0.0000 0.0000
vt 0.7500 0.0000
vt 0.8750 0.0000
vt 0.8750 1.0000
vt 0.7500 1.0000
vt 0.5000 0.5000
vt 0.0000 0.0000
vt 1.0000 0.0000
vt 0.5000 0.5000
vt 1.0000 0.0000
vt 0.0000 0.0000
vt 0.8750 0.0000
vt 1.0000 0.0000
vt 1.0000 1.0000
vt 0.8750 1.0000
vt 0.5000 0.5000
vt 0.0000 0.0000
vt 1.0000 0.0000
vt 0.5000 0.5000
vt 1.0000 0.0000
vt 0.0000 0.0000
vn 0.0000 0.0000 1.0000
vn 0.0000 0.0000 -1.0000
vn -1.0000 0.0000 0.0000
vn 1.0000 0.0000 0.0000
vn 0.0000 1.0000 0.0000
vn 0.0000 -1.0000 0.0000
vn -0.0000 0.3846 0.9231
vn 0.0000 0.3846 -0.9231
vn -0.9231 0.3846 0.0000
vn 0.9231 0.3846 0.0000
vn 0.0000 1.0000 0.0000
vn 0.0000 -1.0000 0.0000
vn 0.0000 0.0000 1.0000
vn 0.0000 0.0000 -1.0000
vn -1.0000 0.0000 0.0000
vn 1.0000 0.0000 0.0000
vn 0.0000 1.0000 0.0000
vn 0.0000 -1.0000 0.0000
vn 0.0000 0.0000 1.0000
vn 0.0000 0.0000 -1.0000
vn -1.0000 0.0000 0.0000
vn 1.0000 0.0000 0.0000
vn 0.0000 1.0000 0.0000
vn 0.0000 -1.0000 0.0000
vn 0.0000 0.0000 1.0000
vn 0.0000 0.0000 -1.0000
vn -1.0000 0.0000 0.0000
vn 1.0000 0.0000 0.0000
vn 0.0000 1.0000 0.0000
vn 0.0000 -1.0000 0.0000
vn 0.0000 0.0000 1.0000
vn 0.0000 0.0000 -1.0000
vn -1.0000 0.0000 0.0000
vn 1.0000 0.0000 0.0000
vn 0.0000 1.0000 0.0000
vn 0.0000 -1.0000 0.0000
vn 0.0000 0.0000 1.0000
vn 0.0000 0.0000 -1.0000
vn -1.0000 0.0000 0.0000
vn 1.0000 0.0000 0.0000
vn 0.0000 1.0000 0.0000
vn 0.0000 -1.0000 0.0000
vn 0.0000 0.0000 1.0000
vn 0.0000 0.0000 -1.0000
vn -1.0000 0.0000 0.0000
vn 1.0000 0.0000 0.0000
vn 0.0000 1.0000 0.0000
vn 0.0000 -1.0000 0.0000
vn 0.0000 0.0000 1.0000
vn 0.0000 0.0000 -1.0000
vn -1.0000 0.0000 0.0000
vn 1.0000 0.0000 0.0000
vn 0.0000 1.0000 0.0000
vn 0.0000 -1.0000 0.0000
vn 0.0000 0.0000 1.0000
vn 0.0000 0.0000 -1.0000
vn -1.0000 0.0000 0.0000
vn 1.0000 0.0000 0.0000
vn 0.0000 1.0000 0.0000
vn 0.0000 -1.0000 0.0000
vn 0.0000 0.0000 1.0000
vn 0.0000 0.0000 -1.0000
vn -1.0000 0.0000 0.0000
vn 1.0000 0.0000 0.0000
vn 0.0000 1.0000 0.0000
vn 0.0000 -1.0000 0.0000
vn 0.0000 0.0000 1.0000
vn 0.0000 0.0000 -1.0000
vn -1.0000 0.0000 0.0000
vn 1.0000 0.0000 0.0000
vn 0.0000 1.0000 0.0000
vn 0.0000 -1.0000 0.0000
vn 0.0000 0.0000 1.0000
vn 0.0000 0.0000 -1.0000
vn -1.0000 0.0000 0.0000
vn 1.0000 0.0000 0.0000
vn 0.0000 1.0000 0.0000
vn 0.0000 -1.0000 0.0000
vn 0.0000 0.0000 1.0000
vn 0.0000 0.0000 -1.0000
vn -1.0000 0.0000 0.0000
vn 1.0000 0.0000 0.0000
vn 0.0000 1.0000 0.0000
vn 0.0000 -1.0000 0.0000
vn 0.0000 0.0000 1.0000
vn 0.0000 0.0000 -1.0000
vn -1.0000 0.0000 0.0000
vn 1.0000 0.0000 0.0000
vn 0.0000 1.0000 0.0000
vn 0.0000 -1.0000 0.0000
vn 0.0000 0.0000 1.0000
vn 0.0000 0.0000 -1.0000
vn -1.0000 0.0000 0.0000
vn 1.0000 0.0000 0.0000
vn 0.0000 1.0000 0.0000
vn 0.0000 -1.0000 0.0000
vn 0.0000 0.0000 1.0000
vn 0.0000 0.0000 -1.0000
vn -1.0000 0.0000 0.0000
vn 1.0000 0.0000 0.0000
vn 0.0000 1.0000 0.0000
vn 0.0000 -1.0000 0.0000
vn 0.0000 0.0000 1.0000
vn 0.0000 0.0000 -1.0000
vn -1.0000 0.0000 0.0000
vn 1.0000 0.0000 0.0000
vn 0.0000 1.0000 0.0000
vn 0.0000 -1.0000 0.0000
vn 0.0000 0.0000 1.0000
vn 0.0000 0.0000 -1.0000
vn -1.0000 0.0000 0.0000
vn 1.0000 0.0000 0.0000
vn 0.0000 1.0000 0.0000
vn 0.0000 -1.0000 0.0000
vn 0.0000 0.0000 1.0000
vn 0.0000 0.0000 -1.0000
vn -1.0000 0.0000 0.0000
vn 1.0000 0.0000 0.0000
vn 0.0000 1.0000 0.0000
vn 0.0000 -1.0000 0.0000
vn 0.0000 0.0000 1.0000
vn 0.0000 0.0000 -1.0000
vn -1.0000 0.0000 0.0000
vn 1.0000 0.0000 0.0000
vn 0.0000 1.0000 0.0000
vn 0.0000 -1.0000 0.0000
vn 0.0000 0.0000 1.0000
vn 0.0000 0.0000 -1.0000
vn -1.0000 0.0000 0.0000
vn 1.0000 0.0000 0.0000
vn 0.0000 1.0000 0.0000
vn 0.0000 -1.0000 0.0000
vn -0.0000 0.4472 0.8944
vn 0.0000 0.4472 -0.8944
vn -0.8944 0.4472 0.0000
vn 0.8944 0.4472 0.0000
vn 0.0000 1.0000 0.0000
vn 0.0000 -1.0000 0.0000
vn 0.0000 0.0000 1.0000
vn 0.0000 0.0000 -1.0000
vn -1.0000 0.0000 0.0000
vn 1.0000 0.0000 0.0000
vn 0.0000 1.0000 0.0000
vn 0.0000 -1.0000 0.0000
vn 0.0000 0.0000 1.0000
vn 0.0000 0.0000 -1.0000
vn -1.0000 0.0000 0.0000
vn 1.0000 0.0000 0.0000
vn 0.0000 1.0000 0.0000
vn 0.0000 -1.0000 0.0000
vn 0.0000 0.0000 1.0000
vn 0.0000 0.0000 -1.0000
vn -1.0000 0.0000 0.0000
vn 1.0000 0.0000 0.0000
vn 0.0000 1.0000 0.0000
vn 0.0000 -1.0000 0.0000
vn 0.0000 0.0000 1.0000
vn 0.0000 0.0000 -1.0000
vn -1.0000 0.0000 0.0000
vn 1.0000 0.0000 0.0000
vn 0.0000 1.0000 0.0000
vn 0.0000 -1.0000 0.0000
vn 0.0000 0.0000 1.0000
vn 0.0000 0.0000 -1.0000
vn -1.0000 0.0000 0.0000
vn 1.0000 0.0000 0.0000
vn 0.0000 1.0000 0.0000
vn 0.0000 -1.0000 0.0000
vn 0.0000 0.0000 1.0000
vn 0.0000 0.0000 -1.0000
vn -1.0000 0.0000 0.0000
vn 1.0000 0.0000 0.0000
vn 0.0000 1.0000 0.0000
vn 0.0000 -1.0000 0.0000
vn 0.0000 0.0000 1.0000
vn 0.0000 0.0000 -1.0000
vn -1.0000 0.0000 0.0000
vn 1.0000 0.0000 0.0000
vn 0.0000 1.0000 0.0000
vn 0.0000 -1.0000 0.0000
vn 0.0000 0.0000 1.0000
vn 0.0000 0.0000 -1.0000
vn -1.0000 0.0000 0.0000
vn 1.0000 0.0000 0.0000
vn 0.0000 1.0000 0.0000
vn 0.0000 -1.0000 0.0000
vn 0.0000 0.0000 1.0000
vn 0.0000 0.0000 -1.0000
vn -1.0000 0.0000 0.0000
vn 1.0000 0.0000 0.0000
vn 0.0000 1.0000 0.0000
vn 0.0000 -1.0000 0.0000
vn 0.0000 0.0000 1.0000
vn 0.0000 0.0000 -1.0000
vn -1.0000 0.0000 0.0000
vn 1.0000 0.0000 0.0000
vn 0.0000 1.0000 0.0000
vn 0.0000 -1.0000 0.0000
vn 0.0000 0.0000 1.0000
vn 0.0000 0.0000 -1.0000
vn -1.0000 0.0000 0.0000
vn 1.0000 0.0000 0.0000
vn 0.0000 1.0000 0.0000
vn 0.0000 -1.0000 0.0000
vn 0.0000 0.0000 1.0000
vn 0.0000 0.0000 -1.0000
vn -1.0000 0.0000 0.0000
vn 1.0000 0.0000 0.0000
vn 0.0000 1.0000 0.0000
vn 0.0000 -1.0000 0.0000
vn -0.0000 0.3511 0.9363
vn 0.0000 0.3511 -0.9363
vn -0.9363 0.3511 0.0000
vn 0.9363 0.3511 0.0000
vn 0.0000 1.0000 0.0000
vn 0.0000 -1.0000 0.0000
vn 0.0000 0.0000 1.0000
vn 0.0000 0.0000 -1.0000
vn -1.0000 0.0000 0.0000
vn 1.0000 0.0000 0.0000
vn 0.0000 1.0000 0.0000
vn 0.0000 -1.0000 0.0000
vn 0.0000 0.0000 1.0000
vn 0.0000 0.0000 -1.0000
vn -1.0000 0.0000 0.0000
vn 1.0000 0.0000 0.0000
vn 0.0000 1.0000 0.0000
vn 0.0000 -1.0000 0.0000
vn 0.0000 0.0000 1.0000
vn 0.0000 0.0000 -1.0000
vn -1.0000 0.0000 0.0000
vn 1.0000 0.0000 0.0000
vn 0.0000 1.0000 0.0000
vn 0.0000 -1.0000 0.0000
vn 0.0000 0.0000 1.0000
vn 0.0000 0.0000 -1.0000
vn -1.0000 0.0000 0.0000
vn 1.0000 0.0000 0.0000
vn 0.0000 1.0000 0.0000
vn 0.0000 -1.0000 0.0000
vn 0.0000 0.0000 1.0000
vn 0.0000 0.0000 -1.0000
vn -1.0000 0.0000 0.0000
vn 1.0000 0.0000 0.0000
vn 0.0000 1.0000 0.0000
vn 0.0000 -1.0000 0.0000
vn 0.0000 0.0000 1.0000
vn 0.0000 0.0000 -1.0000
vn -1.0000 0.0000 0.0000
vn 1.0000 0.0000 0.0000
vn 0.0000 1.0000 0.0000
vn 0.0000 -1.0000 0.0000
vn 0.0000 0.0000 1.0000
vn 0.0000 0.0000 -1.0000
vn -1.0000 0.0000 0.0000
vn 1.0000 0.0000 0.0000
vn 0.0000 1.0000 0.0000
vn 0.0000 -1.0000 0.0000
vn 0.0000 0.0000 1.0000
vn 0.0000 0.0000 -1.0000
vn -1.0000 0.0000 0.0000
vn 1.0000 0.0000 0.0000
vn 0.0000 1.0000 0.0000
vn 0.0000 -1.0000 0.0000
vn 0.0000 0.0000 1.0000
vn 0.0000 0.0000 -1.0000
vn -1.0000 0.0000 0.0000
vn 1.0000 0.0000 0.0000
vn 0.0000 1.0000 0.0000
vn 0.0000 -1.0000 0.0000
vn 0.0000 0.0000 1.0000
vn 0.0000 0.0000 -1.0000
vn -1.0000 0.0000 0.0000
vn 1.0000 0.0000 0.0000
vn 0.0000 1.0000 0.0000
vn 0.0000 -1.0000 0.0000
vn 0.0000 0.0000 1.0000
vn 0.0000 0.0000 -1.0000
vn -1.0000 0.0000 0.0000
vn 1.0000 0.0000 0.0000
vn 0.0000 1.0000 0.0000
vn 0.0000 -1.0000 0.0000
vn 0.0000 0.0000 1.0000
vn 0.0000 0.0000 -1.0000
vn -1.0000 0.0000 0.0000
vn 1.0000 0.0000 0.0000
vn 0.0000 1.0000 0.0000
vn 0.0000 -1.0000 0.0000
vn 0.0000 0.0000 1.0000
vn 0.0000 0.0000 -1.0000
vn -1.0000 0.0000 0.0000
vn 1.0000 0.0000 0.0000
vn 0.0000 1.0000 0.0000
vn 0.0000 -1.0000 0.0000
vn 0.0000 0.0000 1.0000
vn 0.0000 0.0000 -1.0000
vn -1.0000 0.0000 0.0000
vn 1.0000 0.0000 0.0000
vn 0.0000 1.0000 0.0000
vn 0.0000 -1.0000 0.0000
vn 0.0000 0.0000 1.0000
vn 0.0000 0.0000 -1.0000
vn -1.0000 0.0000 0.0000
vn 1.0000 0.0000 0.0000
vn 0.0000 1.0000 0.0000
vn 0.0000 -1.0000 0.0000
vn 0.0000 0.0000 1.0000
vn 0.0000 0.0000 -1.0000
vn -1.0000 0.0000 0.0000
vn 1.0000 0.0000 0.0000
vn 0.0000 1.0000 0.0000
vn 0.0000 -1.0000 0.0000
vn 0.0000 0.0000 1.0000
vn 0.0000 0.0000 -1.0000
vn -1.0000 0.0000 0.0000
vn 1.0000 0.0000 0.0000
vn 0.0000 1.0000 0.0000
vn 0.0000 -1.0000 0.0000
vn 0.0000 0.0000 1.0000
vn 0.0000 0.0000 -1.0000
vn -1.0000 0.0000 0.0000
vn 1.0000 0.0000 0.0000
vn 0.0000 1.0000 0.0000
vn 0.0000 -1.0000 0.0000
vn 0.0000 0.0000 1.0000
vn 0.0000 0.0000 -1.0000
vn -1.0000 0.0000 0.0000
vn 1.0000 0.0000 0.0000
vn 0.0000 1.0000 0.0000
vn 0.0000 -1.0000 0.0000
vn 0.0000 0.0000 1.0000
vn 0.0000 0.0000 -1.0000
vn -1.0000 0.0000 0.0000
vn 1.0000 0.0000 0.0000
vn 0.0000 1.0000 0.0000
vn 0.0000 -1.0000 0.0000
vn 0.0000 0.0000 1.0000
vn 0.0000 0.0000 -1.0000
vn -1.0000 0.0000 0.0000
vn 1.0000 0.0000 0.0000
vn 0.0000 1.0000 0.0000
vn 0.0000 -1.0000 0.0000
vn 0.0000 0.0000 1.0000
vn 0.0000 0.0000 -1.0000
vn -1.0000 0.0000 0.0000
vn 1.0000 0.0000 0.0000
vn 0.0000 1.0000 0.0000
vn 0.0000 -1.0000 0.0000
vn 0.0000 0.0000 1.0000
vn 0.0000 0.0000 -1.0000
vn -1.0000 0.0000 0.0000
vn 1.0000 0.0000 0.0000
vn 0.0000 1.0000 0.0000
vn 0.0000 -1.0000 0.0000
vn 0.0000 0.0000 1.0000
vn 0.0000 0.0000 -1.0000
vn -1.0000 0.0000 0.0000
vn 1.0000 0.0000 0.0000
vn 0.0000 1.0000 0.0000
vn 0.0000 -1.0000 0.0000
vn 0.0000 0.0000 1.0000
vn 0.0000 0.0000 -1.0000
vn -1.0000 0.0000 0.0000
vn 1.0000 0.0000 0.0000
vn 0.0000 1.0000 0.0000
vn 0.0000 -1.0000 0.0000
vn 0.0000 0.0000 1.0000
vn 0.0000 0.0000 -1.0000
vn -1.0000 0.0000 0.0000
vn 1.0000 0.0000 0.0000
vn 0.0000 1.0000 0.0000
vn 0.0000 -1.0000 0.0000
vn 0.0000 0.0000 1.0000
vn 0.0000 0.0000 -1.0000
vn -1.0000 0.0000 0.0000
vn 1.0000 0.0000 0.0000
vn 0.0000 1.0000 0.0000
vn 0.0000 -1.0000 0.0000
vn 0.0000 0.0000 1.0000
vn 0.0000 0.0000 -1.0000
vn -1.0000 0.0000 0.0000
vn 1.0000 0.0000 0.0000
vn 0.0000 1.0000 0.0000
vn 0.0000 -1.0000 0.0000
vn 0.0000 0.0000 1.0000
vn 0.0000 0.0000 -1.0000
vn -1.0000 0.0000 0.0000
vn 1.0000 0.0000 0.0000
vn 0.0000 1.0000 0.0000
vn 0.0000 -1.0000 0.0000
vn 0.0000 0.0000 1.0000
vn 0.0000 0.0000 -1.0000
vn -1.0000 0.0000 0.0000
vn 1.0000 0.0000 0.0000
vn 0.0000 1.0000 0.0000
vn 0.0000 -1.0000 0.0000
vn 0.0000 0.0000 1.0000
vn 0.0000 0.0000 -1.0000
vn -1.0000 0.0000 0.0000
vn 1.0000 0.0000 0.0000
vn 0.0000 1.0000 0.0000
vn 0.0000 -1.0000 0.0000
vn 0.0000 0.0000 1.0000
vn 0.0000 0.0000 -1.0000
vn -1.0000 0.0000 0.0000
vn 1.0000 0.0000 0.0000
vn 0.0000 1.0000 0.0000
vn 0.0000 -1.0000 0.0000
vn 0.0000 0.0000 1.0000
vn 0.0000 0.0000 -1.0000
vn -1.0000 0.0000 0.0000
vn 1.0000 0.0000 0.0000
vn 0.0000 1.0000 0.0000
vn 0.0000 -1.0000 0.0000
vn 0.0000 0.0000 1.0000
vn 0.0000 0.0000 -1.0000
vn -1.0000 0.0000 0.0000
vn 1.0000 0.0000 0.0000
vn 0.0000 1.0000 0.0000
vn 0.0000 -1.0000 0.0000
vn 0.0000 0.0000 1.0000
vn 0.0000 0.0000 -1.0000
vn -1.0000 0.0000 0.0000
vn 1.0000 0.0000 0.0000
vn 0.0000 1.0000 0.0000
vn 0.0000 -1.0000 0.0000
vn 0.0000 0.0000 1.0000
vn 0.0000 0.0000 -1.0000
vn -1.0000 0.0000 0.0000
vn 1.0000 0.0000 0.0000
vn 0.0000 1.0000 0.0000
vn 0.0000 -1.0000 0.0000
vn 0.0000 0.0000 1.0000
vn 0.0000 0.0000 -1.0000
vn -1.0000 0.0000 0.0000
vn 1.0000 0.0000 0.0000
vn 0.0000 1.0000 0.0000
vn 0.0000 -1.0000 0.0000
vn 0.0000 0.0000 1.0000
vn 0.0000 0.0000 -1.0000
vn -1.0000 0.0000 0.0000
vn 1.0000 0.0000 0.0000
vn 0.0000 1.0000 0.0000
vn 0.0000 -1.0000 0.0000
vn 0.0000 0.0000 1.0000
vn 0.0000 0.0000 -1.0000
vn -1.0000 0.0000 0.0000
vn 1.0000 0.0000 0.0000
vn 0.0000 1.0000 0.0000
vn 0.0000 -1.0000 0.0000
vn 0.0000 0.0000 1.0000
vn 0.0000 0.0000 -1.0000
vn -1.0000 0.0000 0.0000
vn 1.0000 0.0000 0.0000
vn 0.0000 1.0000 0.0000
vn 0.0000 -1.0000 0.0000
vn 0.0000 0.0000 1.0000
vn 0.0000 0.0000 -1.0000
vn -1.0000 0.0000 0.0000
vn 1.0000 0.0000 0.0000
vn 0.0000 1.0000 0.0000
vn 0.0000 -1.0000 0.0000
vn 0.0000 0.0000 1.0000
vn 0.0000 0.0000 -1.0000
vn -1.0000 0.0000 0.0000
vn 1.0000 0.0000 0.0000
vn 0.0000 1.0000 0.0000
vn 0.0000 -1.0000 0.0000
vn 0.0000 0.0000 1.0000
vn 0.0000 0.0000 -1.0000
vn -1.0000 0.0000 0.0000
vn 1.0000 0.0000 0.0000
vn 0.0000 1.0000 0.0000
vn 0.0000 -1.0000 0.0000
vn 0.0000 0.0000 1.0000
vn 0.0000 0.0000 -1.0000
vn -1.0000 0.0000 0.0000
vn 1.0000 0.0000 0.0000
vn 0.0000 1.0000 0.0000
vn 0.0000 -1.0000 0.0000
vn 0.0000 0.0000 1.0000
vn 0.0000 0.0000 -1.0000
vn -1.0000 0.0000 0.0000
vn 1.0000 0.0000 0.0000
vn 0.0000 1.0000 0.0000
vn 0.0000 -1.0000 0.0000
vn 0.0000 0.0000 1.0000
vn 0.0000 0.0000 -1.0000
vn -1.0000 0.0000 0.0000
vn 1.0000 0.0000 0.0000
vn 0.0000 1.0000 0.0000
vn 0.0000 -1.0000 0.0000
vn 0.0000 0.0000 1.0000
vn 0.0000 0.0000 -1.0000
vn -1.0000 0.0000 0.0000
vn 1.0000 0.0000 0.0000
vn 0.0000 1.0000 0.0000
vn 0.0000 -1.0000 0.0000
vn 0.0000 0.0000 1.0000
vn 0.0000 0.0000 -1.0000
vn -1.0000 0.0000 0.0000
vn 1.0000 0.0000 0.0000
vn 0.0000 1.0000 0.0000
vn 0.0000 -1.0000 0.0000
vn 0.0000 0.0000 1.0000
vn 0.0000 0.0000 -1.0000
vn -1.0000 0.0000 0.0000
vn 1.0000 0.0000 0.0000
vn 0.0000 1.0000 0.0000
vn 0.0000 -1.0000 0.0000
vn 0.0000 0.0000 1.0000
vn 0.0000 0.0000 -1.0000
vn -1.0000 0.0000 0.0000
vn 1.0000 0.0000 0.0000
vn 0.0000 1.0000 0.0000
vn 0.0000 -1.0000 0.0000
vn 0.0000 0.0000 1.0000
vn 0.0000 0.0000 -1.0000
vn -1.0000 0.0000 0.0000
vn 1.0000 0.0000 0.0000
vn 0.0000 1.0000 0.0000
vn 0.0000 -1.0000 0.0000
vn 0.0000 0.0000 1.0000
vn 0.0000 0.0000 -1.0000
vn -1.0000 0.0000 0.0000
vn 1.0000 0.0000 0.0000
vn 0.0000 1.0000 0.0000
vn 0.0000 -1.0000 0.0000
vn 0.0000 0.0000 1.0000
vn 0.0000 0.0000 -1.0000
vn -1.0000 0.0000 0.0000
vn 1.0000 0.0000 0.0000
vn 0.0000 1.0000 0.0000
vn 0.0000 -1.0000 0.0000
vn 0.0000 0.0000 1.0000
vn 0.0000 0.0000 -1.0000
vn -1.0000 0.0000 0.0000
vn 1.0000 0.0000 0.0000
vn 0.0000 1.0000 0.0000
vn 0.0000 -1.0000 0.0000
vn 0.0000 0.0000 1.0000
vn 0.0000 0.0000 -1.0000
vn -1.0000 0.0000 0.0000
vn 1.0000 0.0000 0.0000
vn 0.0000 1.0000 0.0000
vn 0.0000 -1.0000 0.0000
vn 0.0000 0.0000 1.0000
vn 0.0000 0.0000 -1.0000
vn -1.0000 0.0000 0.0000
vn 1.0000 0.0000 0.0000
vn 0.0000 1.0000 0.0000
vn 0.0000 -1.0000 0.0000
vn 0.0000 0.0000 1.0000
vn 0.0000 0.0000 -1.0000
vn -1.0000 0.0000 0.0000
vn 1.0000 0.0000 0.0000
vn 0.0000 1.0000 0.0000
vn 0.0000 -1.0000 0.0000
vn 0.0000 0.0000 1.0000
vn 0.0000 0.0000 -1.0000
vn -1.0000 0.0000 0.0000
vn 1.0000 0.0000 0.0000
vn 0.0000 1.0000 0.0000
vn 0.0000 -1.0000 0.0000
vn 0.0000 0.0000 1.0000
vn 0.0000 0.0000 -1.0000
vn -1.0000 0.0000 0.0000
vn 1.0000 0.0000 0.0000
vn 0.0000 1.0000 0.0000
vn 0.0000 -1.0000 0.0000
vn 0.0000 0.0000 1.0000
vn 0.0000 0.0000 -1.0000
vn -1.0000 0.0000 0.0000
vn 1.0000 0.0000 0.0000
vn 0.0000 1.0000 0.0000
vn 0.0000 -1.0000 0.0000
vn 0.0000 0.0000 1.0000
vn 0.0000 0.0000 -1.0000
vn -1.0000 0.0000 0.0000
vn 1.0000 0.0000 0.0000
vn 0.0000 1.0000 0.0000
vn 0.0000 -1.0000 0.0000
vn 0.0000 0.0000 1.0000
vn 0.0000 0.0000 -1.0000
vn -1.0000 0.0000 0.0000
vn 1.0000 0.0000 0.0000
vn 0.0000 1.0000 0.0000
vn 0.0000 -1.0000 0.0000
vn 0.0000 0.0000 1.0000
vn 0.0000 0.0000 -1.0000
vn -1.0000 0.0000 0.0000
vn 1.0000 0.0000 0.0000
vn 0.0000 1.0000 0.0000
vn 0.0000 -1.0000 0.0000
vn 0.0000 0.0000 1.0000
vn 0.0000 0.0000 -1.0000
vn -1.0000 0.0000 0.0000
vn 1.0000 0.0000 0.0000
vn 0.0000 1.0000 0.0000
vn 0.0000 -1.0000 0.0000
vn 0.0000 0.0000 1.0000
vn 0.0000 0.0000 -1.0000
vn -1.0000 0.0000 0.0000
vn 1.0000 0.0000 0.0000
vn 0.0000 1.0000 0.0000
vn 0.0000 -1.0000 0.0000
vn 0.0000 0.0000 1.0000
vn 0.0000 0.0000 -1.0000
vn -1.0000 0.0000 0.0000
vn 1.0000 0.0000 0.0000
vn 0.0000 1.0000 0.0000
vn 0.0000 -1.0000 0.0000
vn 0.0000 0.0000 1.0000
vn 0.0000 0.0000 -1.0000
vn -1.0000 0.0000 0.0000
vn 1.0000 0.0000 0.0000
vn 0.0000 1.0000 0.0000
vn 0.0000 -1.0000 0.0000
vn 0.0000 0.0000 1.0000
vn 0.0000 0.0000 -1.0000
vn -1.0000 0.0000 0.0000
vn 1.0000 0.0000 0.0000
vn 0.0000 1.0000 0.0000
vn 0.0000 -1.0000 0.0000
vn 0.0000 0.0000 1.0000
vn 0.0000 0.0000 -1.0000
vn -1.0000 0.0000 0.0000
vn 1.0000 0.0000 0.0000
vn 0.0000 1.0000 0.0000
vn 0.0000 -1.0000 0.0000
vn 0.0000 0.0000 1.0000
vn 0.0000 0.0000 -1.0000
vn -1.0000 0.0000 0.0000
vn 1.0000 0.0000 0.0000
vn 0.0000 1.0000 0.0000
vn 0.0000 -1.0000 0.0000
vn 0.0000 0.0000 1.0000
vn 0.0000 0.0000 -1.0000
vn -1.0000 0.0000 0.0000
vn 1.0000 0.0000 0.0000
vn 0.0000 1.0000 0.0000
vn 0.0000 -1.0000 0.0000
vn 0.0000 0.0000 1.0000
vn 0.0000 0.0000 -1.0000
vn -1.0000 0.0000 0.0000
vn 1.0000 0.0000 0.0000
vn 0.0000 1.0000 0.0000
vn 0.0000 -1.0000 0.0000
vn 0.0000 0.0000 1.0000
vn 0.0000 0.0000 -1.0000
vn -1.0000 0.0000 0.0000
vn 1.0000 0.0000 0.0000
vn 0.0000 1.0000 0.0000
vn 0.0000 -1.0000 0.0000
vn 0.0000 0.0000 1.0000
vn 0.0000 0.0000 -1.0000
vn -1.0000 0.0000 0.0000
vn 1.0000 0.0000 0.0000
vn 0.0000 1.0000 0.0000
vn 0.0000 -1.0000 0.0000
vn 0.0000 0.0000 1.0000
vn 0.0000 0.0000 -1.0000
vn -1.0000 0.0000 0.0000
vn 1.0000 0.0000 0.0000
vn 0.0000 1.0000 0.0000
vn 0.0000 -1.0000 0.0000
vn 0.0000 0.0000 1.0000
vn 0.0000 0.0000 -1.0000
vn -1.0000 0.0000 0.0000
vn 1.0000 0.0000 0.0000
vn 0.0000 1.0000 0.0000
vn 0.0000 -1.0000 0.0000
vn 0.0000 0.0000 1.0000
vn 0.0000 0.0000 -1.0000
vn -1.0000 0.0000 0.0000
vn 1.0000 0.0000 0.0000
vn 0.0000 1.0000 0.0000
vn 0.0000 -1.0000 0.0000
vn 0.0000 0.0000 1.0000
vn 0.0000 0.0000 -1.0000
vn -1.0000 0.0000 0.0000
vn 1.0000 0.0000 0.0000
vn 0.0000 1.0000 0.0000
vn 0.0000 -1.0000 0.0000
vn 0.0000 0.0000 1.0000
vn 0.0000 0.0000 -1.0000
vn -1.0000 0.0000 0.0000
vn 1.0000 0.0000 0.0000
vn 0.0000 1.0000 0.0000
vn 0.0000 -1.0000 0.0000
vn 0.0000 0.0000 1.0000
vn 0.0000 0.0000 -1.0000
vn -1.0000 0.0000 0.0000
vn 1.0000 0.0000 0.0000
vn 0.0000 1.0000 0.0000
vn 0.0000 -1.0000 0.0000
vn 0.0000 0.0000 1.0000
vn 0.0000 0.0000 -1.0000
vn -1.0000 0.0000 0.0000
vn 1.0000 0.0000 0.0000
vn 0.0000 1.0000 0.0000
vn 0.0000 -1.0000 0.0000
vn 0.0000 0.0000 1.0000
vn 0.0000 0.0000 -1.0000
vn -1.0000 0.0000 0.0000
vn 1.0000 0.0000 0.0000
vn 0.0000 1.0000 0.0000
vn 0.0000 -1.0000 0.0000
vn 0.0000 0.0000 1.0000
vn 0.0000 0.0000 -1.0000
vn -1.0000 0.0000 0.0000
vn 1.0000 0.0000 0.0000
vn 0.0000 1.0000 0.0000
vn 0.0000 -1.0000 0.0000
vn 0.0000 0.0000 1.0000
vn 0.0000 0.0000 -1.0000
vn -1.0000 0.0000 0.0000
vn 1.0000 0.0000 0.0000
vn 0.0000 1.0000 0.0000
vn 0.0000 -1.0000 0.0000
vn 0.0000 0.0000 1.0000
vn 0.0000 0.0000 -1.0000
vn -1.0000 0.0000 0.0000
vn 1.0000 0.0000 0.0000
vn 0.0000 1.0000 0.0000
vn 0.0000 -1.0000 0.0000
vn 0.0000 0.0000 1.0000
vn 0.0000 0.0000 -1.0000
vn -1.0000 0.0000 0.0000
vn 1.0000 0.0000 0.0000
vn 0.0000 1.0000 0.0000
vn 0.0000 -1.0000 0.0000
vn 0.0000 0.0000 1.0000
vn 0.0000 0.0000 -1.0000
vn -1.0000 0.0000 0.0000
vn 1.0000 0.0000 0.0000
vn 0.0000 1.0000 0.0000
vn 0.0000 -1.0000 0.0000
vn 0.0000 0.0000 1.0000
vn 0.0000 0.0000 -1.0000
vn -1.0000 0.0000 0.0000
vn 1.0000 0.0000 0.0000
vn 0.0000 1.0000 0.0000
vn 0.0000 -1.0000 0.0000
vn 0.0000 0.0000 1.0000
vn 0.0000 0.0000 -1.0000
vn -1.0000 0.0000 0.0000
vn 1.0000 0.0000 0.0000
vn 0.0000 1.0000 0.0000
vn 0.0000 -1.0000 0.0000
vn -0.9239 0.0000 -0.3827
vn 0.0000 1.0000 0.0000
vn 0.0000 -1.0000 0.0000
vn -0.3827 0.0000 -0.9239
vn 0.0000 1.0000 0.0000
vn 0.0000 -1.0000 0.0000
vn 0.3827 0.0000 -0.9239
vn 0.0000 1.0000 0.0000
vn 0.0000 -1.0000 0.0000
vn 0.9239 0.0000 -0.3827
vn 0.0000 1.0000 0.0000
vn 0.0000 -1.0000 0.0000
vn 0.9239 0.0000 0.3827
vn 0.0000 1.0000 0.0000
vn 0.0000 -1.0000 0.0000
vn 0.3827 0.0000 0.9239
vn 0.0000 1.0000 0.0000
vn 0.0000 -1.0000 0.0000
vn -0.3827 0.0000 0.9239
vn 0.0000 1.0000 0.0000
vn 0.0000 -1.0000 0.0000
vn -0.9239 0.0000 0.3827
vn 0.0000 1.0000 0.0000
vn 0.0000 -1.0000 0.0000
vn -0.9239 0.0000 -0.3827
vn 0.0000 1.0000 0.0000
vn 0.0000 -1.0000 0.0000
vn -0.3827 0.0000 -0.9239
vn 0.0000 1.0000 0.0000
vn 0.0000 -1.0000 0.0000
vn 0.3827 0.0000 -0.9239
vn 0.0000 1.0000 0.0000
vn 0.0000 -1.0000 0.0000
vn 0.9239 0.0000 -0.3827
vn 0.0000 1.0000 0.0000
vn 0.0000 -1.0000 0.0000
vn 0.9239 0.0000 0.3827
vn 0.0000 1.0000 0.0000
vn 0.0000 -1.0000 0.0000
vn 0.3827 0.0000 0.9239
vn 0.0000 1.0000 0.0000
vn 0.0000 -1.0000 0.0000
vn -0.3827 0.0000 0.9239
vn 0.0000 1.0000 0.0000
vn 0.0000 -1.0000 0.0000
vn -0.9239 0.0000 0.3827
vn 0.0000 1.0000 0.0000
vn 0.0000 -1.0000 0.0000
vn -0.9239 0.0000 -0.3827
vn 0.0000 1.0000 0.0000
vn 0.0000 -1.0000 0.0000
vn -0.3827 0.0000 -0.9239
vn 0.0000 1.0000 0.0000
vn 0.0000 -1.0000 0.0000
vn 0.3827 0.0000 -0.9239
vn 0.0000 1.0000 0.0000
vn 0.0000 -1.0000 0.0000
vn 0.9239 0.0000 -0.3827
vn 0.0000 1.0000 0.0000
vn 0.0000 -1.0000 0.0000
vn 0.9239 0.0000 0.3827
vn 0.0000 1.0000 0.0000
vn 0.0000 -1.0000 0.0000
vn 0.3827 0.0000 0.9239
vn 0.0000 1.0000 0.0000
vn 0.0000 -1.0000 0.0000
vn -0.3827 0.0000 0.9239
vn 0.0000 1.0000 0.0000
vn 0.0000 -1.0000 0.0000
vn -0.9239 0.0000 0.3827
vn 0.0000 1.0000 0.0000
vn 0.0000 -1.0000 0.0000
vn -0.9239 0.0000 -0.3827
vn 0.0000 1.0000 0.0000
vn 0.0000 -1.0000 0.0000
vn -0.3827 0.0000 -0.9239
vn 0.0000 1.0000 0.0000
vn 0.0000 -1.0000 0.0000
vn 0.3827 0.0000 -0.9239
vn 0.0000 1.0000 0.0000
vn 0.0000 -1.0000 0.0000
vn 0.9239 0.0000 -0.3827
vn 0.0000 1.0000 0.0000
vn 0.0000 -1.0000 0.0000
vn 0.9239 0.0000 0.3827
vn 0.0000 1.0000 0.0000
vn 0.0000 -1.0000 0.0000
vn 0.3827 0.0000 0.9239
vn 0.0000 1.0000 0.0000
vn 0.0000 -1.0000 0.0000
vn -0.3827 0.0000 0.9239
vn 0.0000 1.0000 0.0000
vn 0.0000 -1.0000 0.0000
vn -0.9239 0.0000 0.3827
vn 0.0000 1.0000 0.0000
vn 0.0000 -1.0000 0.0000
vn -0.9239 0.0000 -0.3827
vn 0.0000 1.0000 0.0000
vn 0.0000 -1.0000 0.0000
vn -0.3827 0.0000 -0.9239
vn 0.0000 1.0000 0.0000
vn 0.0000 -1.0000 0.0000
vn 0.3827 0.0000 -0.9239
vn 0.0000 1.0000 0.0000
vn 0.0000 -1.0000 0.0000
vn 0.9239 0.0000 -0.3827
vn 0.0000 1.0000 0.0000
vn 0.0000 -1.0000 0.0000
vn 0.9239 0.0000 0.3827
vn 0.0000 1.0000 0.0000
vn 0.0000 -1.0000 0.0000
vn 0.3827 0.0000 0.9239
vn 0.0000 1.0000 0.0000
vn 0.0000 -1.0000 0.0000
vn -0.3827 0.0000 0.9239
vn 0.0000 1.0000 0.0000
vn 0.0000 -1.0000 0.0000
vn -0.9239 0.0000 0.3827
vn 0.0000 1.0000 0.0000
vn 0.0000 -1.0000 0.0000
vn -0.9239 0.0000 -0.3827
vn 0.0000 1.0000 0.0000
vn 0.0000 -1.0000 0.0000
vn -0.3827 0.0000 -0.9239
vn 0.0000 1.0000 0.0000
vn 0.0000 -1.0000 0.0000
vn 0.3827 0.0000 -0.9239
vn 0.0000 1.0000 0.0000
vn 0.0000 -1.0000 0.0000
vn 0.9239 0.0000 -0.3827
vn 0.0000 1.0000 0.0000
vn 0.0000 -1.0000 0.0000
vn 0.9239 0.0000 0.3827
vn 0.0000 1.0000 0.0000
vn 0.0000 -1.0000 0.0000
vn 0.3827 0.0000 0.9239
vn 0.0000 1.0000 0.0000
vn 0.0000 -1.0000 0.0000
vn -0.3827 0.0000 0.9239
vn 0.0000 1.0000 0.0000
vn 0.0000 -1.0000 0.0000
vn -0.9239 0.0000 0.3827
vn 0.0000 1.0000 0.0000
vn 0.0000 -1.0000 0.0000
vn -0.9239 0.0000 -0.3827
vn 0.0000 1.0000 0.0000
vn 0.0000 -1.0000 0.0000
vn -0.3827 0.0000 -0.9239
vn 0.0000 1.0000 0.0000
vn 0.0000 -1.0000 0.0000
vn 0.3827 0.0000 -0.9239
vn 0.0000 1.0000 0.0000
vn 0.0000 -1.0000 0.0000
vn 0.9239 0.0000 -0.3827
vn 0.0000 1.0000 0.0000
vn 0.0000 -1.0000 0.0000
vn 0.9239 0.0000 0.3827
vn 0.0000 1.0000 0.0000
vn 0.0000 -1.0000 0.0000
vn 0.3827 0.0000 0.9239
vn 0.0000 1.0000 0.0000
vn 0.0000 -1.0000 0.0000
vn -0.3827 0.0000 0.9239
vn 0.0000 1.0000 0.0000
vn 0.0000 -1.0000 0.0000
vn -0.9239 0.0000 0.3827
vn 0.0000 1.0000 0.0000
vn 0.0000 -1.0000 0.0000
vn -0.9239 0.0000 -0.3827
vn 0.0000 1.0000 0.0000
vn 0.0000 -1.0000 0.0000
vn -0.3827 0.0000 -0.9239
vn 0.0000 1.0000 0.0000
vn 0.0000 -1.0000 0.0000
vn 0.3827 0.0000 -0.9239
vn 0.0000 1.0000 0.0000
vn 0.0000 -1.0000 0.0000
vn 0.9239 0.0000 -0.3827
vn 0.0000 1.0000 0.0000
vn 0.0000 -1.0000 0.0000
vn 0.9239 0.0000 0.3827
vn 0.0000 1.0000 0.0000
vn 0.0000 -1.0000 0.0000
vn 0.3827 0.0000 0.9239
vn 0.0000 1.0000 0.0000
vn 0.0000 -1.0000 0.0000
vn -0.3827 0.0000 0.9239
vn 0.0000 1.0000 0.0000
vn 0.0000 -1.0000 0.0000
vn -0.9239 0.0000 0.3827
vn 0.0000 1.0000 0.0000
vn 0.0000 -1.0000 0.0000
usemtl Mudbrick
f 1/1/1 2/2/1 3/3/1
f 1/1/1 3/3/1 4/4/1
f 6/5/2 5/6/2 8/7/2
f 6/5/2 8/7/2 7/8/2
f 5/9/3 1/10/3 4/11/3
f 5/9/3 4/11/3 8/12/3
f 2/13/4 6/14/4 7/15/4
f 2/13/4 7/15/4 3/16/4
f 4/17/5 3/18/5 7/19/5
f 4/17/5 7/19/5 8/20/5
f 5/21/6 6/22/6 2/23/6
f 5/21/6 2/23/6 1/24/6
f 9/25/7 10/26/7 11/27/7
f 9/25/7 11/27/7 12/28/7
f 14/29/8 13/30/8 16/31/8
f 14/29/8 16/31/8 15/32/8
f 13/33/9 9/34/9 12/35/9
f 13/33/9 12/35/9 16/36/9
f 10/37/10 14/38/10 15/39/10
f 10/37/10 15/39/10 11/40/10
f 12/41/11 11/42/11 15/43/11
f 12/41/11 15/43/11 16/44/11
f 13/45/12 14/46/12 10/47/12
f 13/45/12 10/47/12 9/48/12
f 17/49/13 18/50/13 19/51/13
f 17/49/13 19/51/13 20/52/13
f 22/53/14 21/54/14 24/55/14
f 22/53/14 24/55/14 23/56/14
f 21/57/15 17/58/15 20/59/15
f 21/57/15 20/59/15 24/60/15
f 18/61/16 22/62/16 23/63/16
f 18/61/16 23/63/16 19/64/16
f 20/65/17 19/66/17 23/67/17
f 20/65/17 23/67/17 24/68/17
f 21/69/18 22/70/18 18/71/18
f 21/69/18 18/71/18 17/72/18
f 25/73/19 26/74/19 27/75/19
f 25/73/19 27/75/19 28/76/19
f 30/77/20 29/78/20 32/79/20
f 30/77/20 32/79/20 31/80/20
f 29/81/21 25/82/21 28/83/21
f 29/81/21 28/83/21 32/84/21
f 26/85/22 30/86/22 31/87/22
f 26/85/22 31/87/22 27/88/22
f 28/89/23 27/90/23 31/91/23
f 28/89/23 31/91/23 32/92/23
f 29/93/24 30/94/24 26/95/24
f 29/93/24 26/95/24 25/96/24
f 33/97/25 34/98/25 35/99/25
f 33/97/25 35/99/25 36/100/25
f 38/101/26 37/102/26 40/103/26
f 38/101/26 40/103/26 39/104/26
f 37/105/27 33/106/27 36/107/27
f 37/105/27 36/107/27 40/108/27
f 34/109/28 38/110/28 39/111/28
f 34/109/28 39/111/28 35/112/28
f 36/113/29 35/114/29 39/115/29
f 36/113/29 39/115/29 40/116/29
f 37/117/30 38/118/30 34/119/30
f 37/117/30 34/119/30 33/120/30
f 41/121/31 42/122/31 43/123/31
f 41/121/31 43/123/31 44/124/31
f 46/125/32 45/126/32 48/127/32
f 46/125/32 48/127/32 47/128/32
f 45/129/33 41/130/33 44/131/33
f 45/129/33 44/131/33 48/132/33
f 42/133/34 46/134/34 47/135/34
f 42/133/34 47/135/34 43/136/34
f 44/137/35 43/138/35 47/139/35
f 44/137/35 47/139/35 48/140/35
f 45/141/36 46/142/36 42/143/36
f 45/141/36 42/143/36 41/144/36
f 49/145/37 50/146/37 51/147/37
f 49/145/37 51/147/37 52/148/37
f 54/149/38 53/150/38 56/151/38
f 54/149/38 56/151/38 55/152/38
f 53/153/39 49/154/39 52/155/39
f 53/153/39 52/155/39 56/156/39
f 50/157/40 54/158/40 55/159/40
f 50/157/40 55/159/40 51/160/40
f 52/161/41 51/162/41 55/163/41
f 52/161/41 55/163/41 56/164/41
f 53/165/42 54/166/42 50/167/42
f 53/165/42 50/167/42 49/168/42
f 57/169/43 58/170/43 59/171/43
f 57/169/43 59/171/43 60/172/43
f 62/173/44 61/174/44 64/175/44
f 62/173/44 64/175/44 63/176/44
f 61/177/45 57/178/45 60/179/45
f 61/177/45 60/179/45 64/180/45
f 58/181/46 62/182/46 63/183/46
f 58/181/46 63/183/46 59/184/46
f 60/185/47 59/186/47 63/187/47
f 60/185/47 63/187/47 64/188/47
f 61/189/48 62/190/48 58/191/48
f 61/189/48 58/191/48 57/192/48
f 65/193/49 66/194/49 67/195/49
f 65/193/49 67/195/49 68/196/49
f 70/197/50 69/198/50 72/199/50
f 70/197/50 72/199/50 71/200/50
f 69/201/51 65/202/51 68/203/51
f 69/201/51 68/203/51 72/204/51
f 66/205/52 70/206/52 71/207/52
f 66/205/52 71/207/52 67/208/52
f 68/209/53 67/210/53 71/211/53
f 68/209/53 71/211/53 72/212/53
f 69/213/54 70/214/54 66/215/54
f 69/213/54 66/215/54 65/216/54
f 73/217/55 74/218/55 75/219/55
f 73/217/55 75/219/55 76/220/55
f 78/221/56 77/222/56 80/223/56
f 78/221/56 80/223/56 79/224/56
f 77/225/57 73/226/57 76/227/57
f 77/225/57 76/227/57 80/228/57
f 74/229/58 78/230/58 79/231/58
f 74/229/58 79/231/58 75/232/58
f 76/233/59 75/234/59 79/235/59
f 76/233/59 79/235/59 80/236/59
f 77/237/60 78/238/60 74/239/60
f 77/237/60 74/239/60 73/240/60
f 81/241/61 82/242/61 83/243/61
f 81/241/61 83/243/61 84/244/61
f 86/245/62 85/246/62 88/247/62
f 86/245/62 88/247/62 87/248/62
f 85/249/63 81/250/63 84/251/63
f 85/249/63 84/251/63 88/252/63
f 82/253/64 86/254/64 87/255/64
f 82/253/64 87/255/64 83/256/64
f 84/257/65 83/258/65 87/259/65
f 84/257/65 87/259/65 88/260/65
f 85/261/66 86/262/66 82/263/66
f 85/261/66 82/263/66 81/264/66
f 89/265/67 90/266/67 91/267/67
f 89/265/67 91/267/67 92/268/67
f 94/269/68 93/270/68 96/271/68
f 94/269/68 96/271/68 95/272/68
f 93/273/69 89/274/69 92/275/69
f 93/273/69 92/275/69 96/276/69
f 90/277/70 94/278/70 95/279/70
f 90/277/70 95/279/70 91/280/70
f 92/281/71 91/282/71 95/283/71
f 92/281/71 95/283/71 96/284/71
f 93/285/72 94/286/72 90/287/72
f 93/285/72 90/287/72 89/288/72
f 97/289/73 98/290/73 99/291/73
f 97/289/73 99/291/73 100/292/73
f 102/293/74 101/294/74 104/295/74
f 102/293/74 104/295/74 103/296/74
f 101/297/75 97/298/75 100/299/75
f 101/297/75 100/299/75 104/300/75
f 98/301/76 102/302/76 103/303/76
f 98/301/76 103/303/76 99/304/76
f 100/305/77 99/306/77 103/307/77
f 100/305/77 103/307/77 104/308/77
f 101/309/78 102/310/78 98/311/78
f 101/309/78 98/311/78 97/312/78
f 105/313/79 106/314/79 107/315/79
f 105/313/79 107/315/79 108/316/79
f 110/317/80 109/318/80 112/319/80
f 110/317/80 112/319/80 111/320/80
f 109/321/81 105/322/81 108/323/81
f 109/321/81 108/323/81 112/324/81
f 106/325/82 110/326/82 111/327/82
f 106/325/82 111/327/82 107/328/82
f 108/329/83 107/330/83 111/331/83
f 108/329/83 111/331/83 112/332/83
f 109/333/84 110/334/84 106/335/84
f 109/333/84 106/335/84 105/336/84
f 113/337/85 114/338/85 115/339/85
f 113/337/85 115/339/85 116/340/85
f 118/341/86 117/342/86 120/343/86
f 118/341/86 120/343/86 119/344/86
f 117/345/87 113/346/87 116/347/87
f 117/345/87 116/347/87 120/348/87
f 114/349/88 118/350/88 119/351/88
f 114/349/88 119/351/88 115/352/88
f 116/353/89 115/354/89 119/355/89
f 116/353/89 119/355/89 120/356/89
f 117/357/90 118/358/90 114/359/90
f 117/357/90 114/359/90 113/360/90
f 121/361/91 122/362/91 123/363/91
f 121/361/91 123/363/91 124/364/91
f 126/365/92 125/366/92 128/367/92
f 126/365/92 128/367/92 127/368/92
f 125/369/93 121/370/93 124/371/93
f 125/369/93 124/371/93 128/372/93
f 122/373/94 126/374/94 127/375/94
f 122/373/94 127/375/94 123/376/94
f 124/377/95 123/378/95 127/379/95
f 124/377/95 127/379/95 128/380/95
f 125/381/96 126/382/96 122/383/96
f 125/381/96 122/383/96 121/384/96
f 129/385/97 130/386/97 131/387/97
f 129/385/97 131/387/97 132/388/97
f 134/389/98 133/390/98 136/391/98
f 134/389/98 136/391/98 135/392/98
f 133/393/99 129/394/99 132/395/99
f 133/393/99 132/395/99 136/396/99
f 130/397/100 134/398/100 135/399/100
f 130/397/100 135/399/100 131/400/100
f 132/401/101 131/402/101 135/403/101
f 132/401/101 135/403/101 136/404/101
f 133/405/102 134/406/102 130/407/102
f 133/405/102 130/407/102 129/408/102
f 137/409/103 138/410/103 139/411/103
f 137/409/103 139/411/103 140/412/103
f 142/413/104 141/414/104 144/415/104
f 142/413/104 144/415/104 143/416/104
f 141/417/105 137/418/105 140/419/105
f 141/417/105 140/419/105 144/420/105
f 138/421/106 142/422/106 143/423/106
f 138/421/106 143/423/106 139/424/106
f 140/425/107 139/426/107 143/427/107
f 140/425/107 143/427/107 144/428/107
f 141/429/108 142/430/108 138/431/108
f 141/429/108 138/431/108 137/432/108
f 145/433/109 146/434/109 147/435/109
f 145/433/109 147/435/109 148/436/109
f 150/437/110 149/438/110 152/439/110
f 150/437/110 152/439/110 151/440/110
f 149/441/111 145/442/111 148/443/111
f 149/441/111 148/443/111 152/444/111
f 146/445/112 150/446/112 151/447/112
f 146/445/112 151/447/112 147/448/112
f 148/449/113 147/450/113 151/451/113
f 148/449/113 151/451/113 152/452/113
f 149/453/114 150/454/114 146/455/114
f 149/453/114 146/455/114 145/456/114
f 153/457/115 154/458/115 155/459/115
f 153/457/115 155/459/115 156/460/115
f 158/461/116 157/462/116 160/463/116
f 158/461/116 160/463/116 159/464/116
f 157/465/117 153/466/117 156/467/117
f 157/465/117 156/467/117 160/468/117
f 154/469/118 158/470/118 159/471/118
f 154/469/118 159/471/118 155/472/118
f 156/473/119 155/474/119 159/475/119
f 156/473/119 159/475/119 160/476/119
f 157/477/120 158/478/120 154/479/120
f 157/477/120 154/479/120 153/480/120
f 161/481/121 162/482/121 163/483/121
f 161/481/121 163/483/121 164/484/121
f 166/485/122 165/486/122 168/487/122
f 166/485/122 168/487/122 167/488/122
f 165/489/123 161/490/123 164/491/123
f 165/489/123 164/491/123 168/492/123
f 162/493/124 166/494/124 167/495/124
f 162/493/124 167/495/124 163/496/124
f 164/497/125 163/498/125 167/499/125
f 164/497/125 167/499/125 168/500/125
f 165/501/126 166/502/126 162/503/126
f 165/501/126 162/503/126 161/504/126
f 169/505/127 170/506/127 171/507/127
f 169/505/127 171/507/127 172/508/127
f 174/509/128 173/510/128 176/511/128
f 174/509/128 176/511/128 175/512/128
f 173/513/129 169/514/129 172/515/129
f 173/513/129 172/515/129 176/516/129
f 170/517/130 174/518/130 175/519/130
f 170/517/130 175/519/130 171/520/130
f 172/521/131 171/522/131 175/523/131
f 172/521/131 175/523/131 176/524/131
f 173/525/132 174/526/132 170/527/132
f 173/525/132 170/527/132 169/528/132
f 177/529/133 178/530/133 179/531/133
f 177/529/133 179/531/133 180/532/133
f 182/533/134 181/534/134 184/535/134
f 182/533/134 184/535/134 183/536/134
f 181/537/135 177/538/135 180/539/135
f 181/537/135 180/539/135 184/540/135
f 178/541/136 182/542/136 183/543/136
f 178/541/136 183/543/136 179/544/136
f 180/545/137 179/546/137 183/547/137
f 180/545/137 183/547/137 184/548/137
f 181/549/138 182/550/138 178/551/138
f 181/549/138 178/551/138 177/552/138
f 185/553/139 186/554/139 187/555/139
f 185/553/139 187/555/139 188/556/139
f 190/557/140 189/558/140 192/559/140
f 190/557/140 192/559/140 191/560/140
f 189/561/141 185/562/141 188/563/141
f 189/561/141 188/563/141 192/564/141
f 186/565/142 190/566/142 191/567/142
f 186/565/142 191/567/142 187/568/142
f 188/569/143 187/570/143 191/571/143
f 188/569/143 191/571/143 192/572/143
f 189/573/144 190/574/144 186/575/144
f 189/573/144 186/575/144 185/576/144
f 193/577/145 194/578/145 195/579/145
f 193/577/145 195/579/145 196/580/145
f 198/581/146 197/582/146 200/583/146
f 198/581/146 200/583/146 199/584/146
f 197/585/147 193/586/147 196/587/147
f 197/585/147 196/587/147 200/588/147
f 194/589/148 198/590/148 199/591/148
f 194/589/148 199/591/148 195/592/148
f 196/593/149 195/594/149 199/595/149
f 196/593/149 199/595/149 200/596/149
f 197/597/150 198/598/150 194/599/150
f 197/597/150 194/599/150 193/600/150
f 201/601/151 202/602/151 203/603/151
f 201/601/151 203/603/151 204/604/151
f 206/605/152 205/606/152 208/607/152
f 206/605/152 208/607/152 207/608/152
f 205/609/153 201/610/153 204/611/153
f 205/609/153 204/611/153 208/612/153
f 202/613/154 206/614/154 207/615/154
f 202/613/154 207/615/154 203/616/154
f 204/617/155 203/618/155 207/619/155
f 204/617/155 207/619/155 208/620/155
f 205/621/156 206/622/156 202/623/156
f 205/621/156 202/623/156 201/624/156
f 209/625/157 210/626/157 211/627/157
f 209/625/157 211/627/157 212/628/157
f 214/629/158 213/630/158 216/631/158
f 214/629/158 216/631/158 215/632/158
f 213/633/159 209/634/159 212/635/159
f 213/633/159 212/635/159 216/636/159
f 210/637/160 214/638/160 215/639/160
f 210/637/160 215/639/160 211/640/160
f 212/641/161 211/642/161 215/643/161
f 212/641/161 215/643/161 216/644/161
f 213/645/162 214/646/162 210/647/162
f 213/645/162 210/647/162 209/648/162
f 217/649/163 218/650/163 219/651/163
f 217/649/163 219/651/163 220/652/163
f 222/653/164 221/654/164 224/655/164
f 222/653/164 224/655/164 223/656/164
f 221/657/165 217/658/165 220/659/165
f 221/657/165 220/659/165 224/660/165
f 218/661/166 222/662/166 223/663/166
f 218/661/166 223/663/166 219/664/166
f 220/665/167 219/666/167 223/667/167
f 220/665/167 223/667/167 224/668/167
f 221/669/168 222/670/168 218/671/168
f 221/669/168 218/671/168 217/672/168
f 225/673/169 226/674/169 227/675/169
f 225/673/169 227/675/169 228/676/169
f 230/677/170 229/678/170 232/679/170
f 230/677/170 232/679/170 231/680/170
f 229/681/171 225/682/171 228/683/171
f 229/681/171 228/683/171 232/684/171
f 226/685/172 230/686/172 231/687/172
f 226/685/172 231/687/172 227/688/172
f 228/689/173 227/690/173 231/691/173
f 228/689/173 231/691/173 232/692/173
f 229/693/174 230/694/174 226/695/174
f 229/693/174 226/695/174 225/696/174
f 233/697/175 234/698/175 235/699/175
f 233/697/175 235/699/175 236/700/175
f 238/701/176 237/702/176 240/703/176
f 238/701/176 240/703/176 239/704/176
f 237/705/177 233/706/177 236/707/177
f 237/705/177 236/707/177 240/708/177
f 234/709/178 238/710/178 239/711/178
f 234/709/178 239/711/178 235/712/178
f 236/713/179 235/714/179 239/715/179
f 236/713/179 239/715/179 240/716/179
f 237/717/180 238/718/180 234/719/180
f 237/717/180 234/719/180 233/720/180
f 241/721/181 242/722/181 243/723/181
f 241/721/181 243/723/181 244/724/181
f 246/725/182 245/726/182 248/727/182
f 246/725/182 248/727/182 247/728/182
f 245/729/183 241/730/183 244/731/183
f 245/729/183 244/731/183 248/732/183
f 242/733/184 246/734/184 247/735/184
f 242/733/184 247/735/184 243/736/184
f 244/737/185 243/738/185 247/739/185
f 244/737/185 247/739/185 248/740/185
f 245/741/186 246/742/186 242/743/186
f 245/741/186 242/743/186 241/744/186
f 249/745/187 250/746/187 251/747/187
f 249/745/187 251/747/187 252/748/187
f 254/749/188 253/750/188 256/751/188
f 254/749/188 256/751/188 255/752/188
f 253/753/189 249/754/189 252/755/189
f 253/753/189 252/755/189 256/756/189
f 250/757/190 254/758/190 255/759/190
f 250/757/190 255/759/190 251/760/190
f 252/761/191 251/762/191 255/763/191
f 252/761/191 255/763/191 256/764/191
f 253/765/192 254/766/192 250/767/192
f 253/765/192 250/767/192 249/768/192
f 257/769/193 258/770/193 259/771/193
f 257/769/193 259/771/193 260/772/193
f 262/773/194 261/774/194 264/775/194
f 262/773/194 264/775/194 263/776/194
f 261/777/195 257/778/195 260/779/195
f 261/777/195 260/779/195 264/780/195
f 258/781/196 262/782/196 263/783/196
f 258/781/196 263/783/196 259/784/196
f 260/785/197 259/786/197 263/787/197
f 260/785/197 263/787/197 264/788/197
f 261/789/198 262/790/198 258/791/198
f 261/789/198 258/791/198 257/792/198
f 265/793/199 266/794/199 267/795/199
f 265/793/199 267/795/199 268/796/199
f 270/797/200 269/798/200 272/799/200
f 270/797/200 272/799/200 271/800/200
f 269/801/201 265/802/201 268/803/201
f 269/801/201 268/803/201 272/804/201
f 266/805/202 270/806/202 271/807/202
f 266/805/202 271/807/202 267/808/202
f 268/809/203 267/810/203 271/811/203
f 268/809/203 271/811/203 272/812/203
f 269/813/204 270/814/204 266/815/204
f 269/813/204 266/815/204 265/816/204
f 273/817/205 274/818/205 275/819/205
f 273/817/205 275/819/205 276/820/205
f 278/821/206 277/822/206 280/823/206
f 278/821/206 280/823/206 279/824/206
f 277/825/207 273/826/207 276/827/207
f 277/825/207 276/827/207 280/828/207
f 274/829/208 278/830/208 279/831/208
f 274/829/208 279/831/208 275/832/208
f 276/833/209 275/834/209 279/835/209
f 276/833/209 279/835/209 280/836/209
f 277/837/210 278/838/210 274/839/210
f 277/837/210 274/839/210 273/840/210
f 281/841/211 282/842/211 283/843/211
f 281/841/211 283/843/211 284/844/211
f 286/845/212 285/846/212 288/847/212
f 286/845/212 288/847/212 287/848/212
f 285/849/213 281/850/213 284/851/213
f 285/849/213 284/851/213 288/852/213
f 282/853/214 286/854/214 287/855/214
f 282/853/214 287/855/214 283/856/214
f 284/857/215 283/858/215 287/859/215
f 284/857/215 287/859/215 288/860/215
f 285/861/216 286/862/216 282/863/216
f 285/861/216 282/863/216 281/864/216
usemtl LapisLazuli
f 289/865/217 290/866/217 291/867/217
f 289/865/217 291/867/217 292/868/217
f 294/869/218 293/870/218 296/871/218
f 294/869/218 296/871/218 295/872/218
f 293/873/219 289/874/219 292/875/219
f 293/873/219 292/875/219 296/876/219
f 290/877/220 294/878/220 295/879/220
f 290/877/220 295/879/220 291/880/220
f 292/881/221 291/882/221 295/883/221
f 292/881/221 295/883/221 296/884/221
f 293/885/222 294/886/222 290/887/222
f 293/885/222 290/887/222 289/888/222
usemtl GoldBronze
f 297/889/223 298/890/223 299/891/223
f 297/889/223 299/891/223 300/892/223
f 302/893/224 301/894/224 304/895/224
f 302/893/224 304/895/224 303/896/224
f 301/897/225 297/898/225 300/899/225
f 301/897/225 300/899/225 304/900/225
f 298/901/226 302/902/226 303/903/226
f 298/901/226 303/903/226 299/904/226
f 300/905/227 299/906/227 303/907/227
f 300/905/227 303/907/227 304/908/227
f 301/909/228 302/910/228 298/911/228
f 301/909/228 298/911/228 297/912/228
f 305/913/229 306/914/229 307/915/229
f 305/913/229 307/915/229 308/916/229
f 310/917/230 309/918/230 312/919/230
f 310/917/230 312/919/230 311/920/230
f 309/921/231 305/922/231 308/923/231
f 309/921/231 308/923/231 312/924/231
f 306/925/232 310/926/232 311/927/232
f 306/925/232 311/927/232 307/928/232
f 308/929/233 307/930/233 311/931/233
f 308/929/233 311/931/233 312/932/233
f 309/933/234 310/934/234 306/935/234
f 309/933/234 306/935/234 305/936/234
usemtl Mudbrick
f 313/937/235 314/938/235 315/939/235
f 313/937/235 315/939/235 316/940/235
f 318/941/236 317/942/236 320/943/236
f 318/941/236 320/943/236 319/944/236
f 317/945/237 313/946/237 316/947/237
f 317/945/237 316/947/237 320/948/237
f 314/949/238 318/950/238 319/951/238
f 314/949/238 319/951/238 315/952/238
f 316/953/239 315/954/239 319/955/239
f 316/953/239 319/955/239 320/956/239
f 317/957/240 318/958/240 314/959/240
f 317/957/240 314/959/240 313/960/240
f 321/961/241 322/962/241 323/963/241
f 321/961/241 323/963/241 324/964/241
f 326/965/242 325/966/242 328/967/242
f 326/965/242 328/967/242 327/968/242
f 325/969/243 321/970/243 324/971/243
f 325/969/243 324/971/243 328/972/243
f 322/973/244 326/974/244 327/975/244
f 322/973/244 327/975/244 323/976/244
f 324/977/245 323/978/245 327/979/245
f 324/977/245 327/979/245 328/980/245
f 325/981/246 326/982/246 322/983/246
f 325/981/246 322/983/246 321/984/246
f 329/985/247 330/986/247 331/987/247
f 329/985/247 331/987/247 332/988/247
f 334/989/248 333/990/248 336/991/248
f 334/989/248 336/991/248 335/992/248
f 333/993/249 329/994/249 332/995/249
f 333/993/249 332/995/249 336/996/249
f 330/997/250 334/998/250 335/999/250
f 330/997/250 335/999/250 331/1000/250
f 332/1001/251 331/1002/251 335/1003/251
f 332/1001/251 335/1003/251 336/1004/251
f 333/1005/252 334/1006/252 330/1007/252
f 333/1005/252 330/1007/252 329/1008/252
f 337/1009/253 338/1010/253 339/1011/253
f 337/1009/253 339/1011/253 340/1012/253
f 342/1013/254 341/1014/254 344/1015/254
f 342/1013/254 344/1015/254 343/1016/254
f 341/1017/255 337/1018/255 340/1019/255
f 341/1017/255 340/1019/255 344/1020/255
f 338/1021/256 342/1022/256 343/1023/256
f 338/1021/256 343/1023/256 339/1024/256
f 340/1025/257 339/1026/257 343/1027/257
f 340/1025/257 343/1027/257 344/1028/257
f 341/1029/258 342/1030/258 338/1031/258
f 341/1029/258 338/1031/258 337/1032/258
f 345/1033/259 346/1034/259 347/1035/259
f 345/1033/259 347/1035/259 348/1036/259
f 350/1037/260 349/1038/260 352/1039/260
f 350/1037/260 352/1039/260 351/1040/260
f 349/1041/261 345/1042/261 348/1043/261
f 349/1041/261 348/1043/261 352/1044/261
f 346/1045/262 350/1046/262 351/1047/262
f 346/1045/262 351/1047/262 347/1048/262
f 348/1049/263 347/1050/263 351/1051/263
f 348/1049/263 351/1051/263 352/1052/263
f 349/1053/264 350/1054/264 346/1055/264
f 349/1053/264 346/1055/264 345/1056/264
f 353/1057/265 354/1058/265 355/1059/265
f 353/1057/265 355/1059/265 356/1060/265
f 358/1061/266 357/1062/266 360/1063/266
f 358/1061/266 360/1063/266 359/1064/266
f 357/1065/267 353/1066/267 356/1067/267
f 357/1065/267 356/1067/267 360/1068/267
f 354/1069/268 358/1070/268 359/1071/268
f 354/1069/268 359/1071/268 355/1072/268
f 356/1073/269 355/1074/269 359/1075/269
f 356/1073/269 359/1075/269 360/1076/269
f 357/1077/270 358/1078/270 354/1079/270
f 357/1077/270 354/1079/270 353/1080/270
f 361/1081/271 362/1082/271 363/1083/271
f 361/1081/271 363/1083/271 364/1084/271
f 366/1085/272 365/1086/272 368/1087/272
f 366/1085/272 368/1087/272 367/1088/272
f 365/1089/273 361/1090/273 364/1091/273
f 365/1089/273 364/1091/273 368/1092/273
f 362/1093/274 366/1094/274 367/1095/274
f 362/1093/274 367/1095/274 363/1096/274
f 364/1097/275 363/1098/275 367/1099/275
f 364/1097/275 367/1099/275 368/1100/275
f 365/1101/276 366/1102/276 362/1103/276
f 365/1101/276 362/1103/276 361/1104/276
f 369/1105/277 370/1106/277 371/1107/277
f 369/1105/277 371/1107/277 372/1108/277
f 374/1109/278 373/1110/278 376/1111/278
f 374/1109/278 376/1111/278 375/1112/278
f 373/1113/279 369/1114/279 372/1115/279
f 373/1113/279 372/1115/279 376/1116/279
f 370/1117/280 374/1118/280 375/1119/280
f 370/1117/280 375/1119/280 371/1120/280
f 372/1121/281 371/1122/281 375/1123/281
f 372/1121/281 375/1123/281 376/1124/281
f 373/1125/282 374/1126/282 370/1127/282
f 373/1125/282 370/1127/282 369/1128/282
f 377/1129/283 378/1130/283 379/1131/283
f 377/1129/283 379/1131/283 380/1132/283
f 382/1133/284 381/1134/284 384/1135/284
f 382/1133/284 384/1135/284 383/1136/284
f 381/1137/285 377/1138/285 380/1139/285
f 381/1137/285 380/1139/285 384/1140/285
f 378/1141/286 382/1142/286 383/1143/286
f 378/1141/286 383/1143/286 379/1144/286
f 380/1145/287 379/1146/287 383/1147/287
f 380/1145/287 383/1147/287 384/1148/287
f 381/1149/288 382/1150/288 378/1151/288
f 381/1149/288 378/1151/288 377/1152/288
f 385/1153/289 386/1154/289 387/1155/289
f 385/1153/289 387/1155/289 388/1156/289
f 390/1157/290 389/1158/290 392/1159/290
f 390/1157/290 392/1159/290 391/1160/290
f 389/1161/291 385/1162/291 388/1163/291
f 389/1161/291 388/1163/291 392/1164/291
f 386/1165/292 390/1166/292 391/1167/292
f 386/1165/292 391/1167/292 387/1168/292
f 388/1169/293 387/1170/293 391/1171/293
f 388/1169/293 391/1171/293 392/1172/293
f 389/1173/294 390/1174/294 386/1175/294
f 389/1173/294 386/1175/294 385/1176/294
f 393/1177/295 394/1178/295 395/1179/295
f 393/1177/295 395/1179/295 396/1180/295
f 398/1181/296 397/1182/296 400/1183/296
f 398/1181/296 400/1183/296 399/1184/296
f 397/1185/297 393/1186/297 396/1187/297
f 397/1185/297 396/1187/297 400/1188/297
f 394/1189/298 398/1190/298 399/1191/298
f 394/1189/298 399/1191/298 395/1192/298
f 396/1193/299 395/1194/299 399/1195/299
f 396/1193/299 399/1195/299 400/1196/299
f 397/1197/300 398/1198/300 394/1199/300
f 397/1197/300 394/1199/300 393/1200/300
f 401/1201/301 402/1202/301 403/1203/301
f 401/1201/301 403/1203/301 404/1204/301
f 406/1205/302 405/1206/302 408/1207/302
f 406/1205/302 408/1207/302 407/1208/302
f 405/1209/303 401/1210/303 404/1211/303
f 405/1209/303 404/1211/303 408/1212/303
f 402/1213/304 406/1214/304 407/1215/304
f 402/1213/304 407/1215/304 403/1216/304
f 404/1217/305 403/1218/305 407/1219/305
f 404/1217/305 407/1219/305 408/1220/305
f 405/1221/306 406/1222/306 402/1223/306
f 405/1221/306 402/1223/306 401/1224/306
f 409/1225/307 410/1226/307 411/1227/307
f 409/1225/307 411/1227/307 412/1228/307
f 414/1229/308 413/1230/308 416/1231/308
f 414/1229/308 416/1231/308 415/1232/308
f 413/1233/309 409/1234/309 412/1235/309
f 413/1233/309 412/1235/309 416/1236/309
f 410/1237/310 414/1238/310 415/1239/310
f 410/1237/310 415/1239/310 411/1240/310
f 412/1241/311 411/1242/311 415/1243/311
f 412/1241/311 415/1243/311 416/1244/311
f 413/1245/312 414/1246/312 410/1247/312
f 413/1245/312 410/1247/312 409/1248/312
f 417/1249/313 418/1250/313 419/1251/313
f 417/1249/313 419/1251/313 420/1252/313
f 422/1253/314 421/1254/314 424/1255/314
f 422/1253/314 424/1255/314 423/1256/314
f 421/1257/315 417/1258/315 420/1259/315
f 421/1257/315 420/1259/315 424/1260/315
f 418/1261/316 422/1262/316 423/1263/316
f 418/1261/316 423/1263/316 419/1264/316
f 420/1265/317 419/1266/317 423/1267/317
f 420/1265/317 423/1267/317 424/1268/317
f 421/1269/318 422/1270/318 418/1271/318
f 421/1269/318 418/1271/318 417/1272/318
f 425/1273/319 426/1274/319 427/1275/319
f 425/1273/319 427/1275/319 428/1276/319
f 430/1277/320 429/1278/320 432/1279/320
f 430/1277/320 432/1279/320 431/1280/320
f 429/1281/321 425/1282/321 428/1283/321
f 429/1281/321 428/1283/321 432/1284/321
f 426/1285/322 430/1286/322 431/1287/322
f 426/1285/322 431/1287/322 427/1288/322
f 428/1289/323 427/1290/323 431/1291/323
f 428/1289/323 431/1291/323 432/1292/323
f 429/1293/324 430/1294/324 426/1295/324
f 429/1293/324 426/1295/324 425/1296/324
f 433/1297/325 434/1298/325 435/1299/325
f 433/1297/325 435/1299/325 436/1300/325
f 438/1301/326 437/1302/326 440/1303/326
f 438/1301/326 440/1303/326 439/1304/326
f 437/1305/327 433/1306/327 436/1307/327
f 437/1305/327 436/1307/327 440/1308/327
f 434/1309/328 438/1310/328 439/1311/328
f 434/1309/328 439/1311/328 435/1312/328
f 436/1313/329 435/1314/329 439/1315/329
f 436/1313/329 439/1315/329 440/1316/329
f 437/1317/330 438/1318/330 434/1319/330
f 437/1317/330 434/1319/330 433/1320/330
f 441/1321/331 442/1322/331 443/1323/331
f 441/1321/331 443/1323/331 444/1324/331
f 446/1325/332 445/1326/332 448/1327/332
f 446/1325/332 448/1327/332 447/1328/332
f 445/1329/333 441/1330/333 444/1331/333
f 445/1329/333 444/1331/333 448/1332/333
f 442/1333/334 446/1334/334 447/1335/334
f 442/1333/334 447/1335/334 443/1336/334
f 444/1337/335 443/1338/335 447/1339/335
f 444/1337/335 447/1339/335 448/1340/335
f 445/1341/336 446/1342/336 442/1343/336
f 445/1341/336 442/1343/336 441/1344/336
f 449/1345/337 450/1346/337 451/1347/337
f 449/1345/337 451/1347/337 452/1348/337
f 454/1349/338 453/1350/338 456/1351/338
f 454/1349/338 456/1351/338 455/1352/338
f 453/1353/339 449/1354/339 452/1355/339
f 453/1353/339 452/1355/339 456/1356/339
f 450/1357/340 454/1358/340 455/1359/340
f 450/1357/340 455/1359/340 451/1360/340
f 452/1361/341 451/1362/341 455/1363/341
f 452/1361/341 455/1363/341 456/1364/341
f 453/1365/342 454/1366/342 450/1367/342
f 453/1365/342 450/1367/342 449/1368/342
f 457/1369/343 458/1370/343 459/1371/343
f 457/1369/343 459/1371/343 460/1372/343
f 462/1373/344 461/1374/344 464/1375/344
f 462/1373/344 464/1375/344 463/1376/344
f 461/1377/345 457/1378/345 460/1379/345
f 461/1377/345 460/1379/345 464/1380/345
f 458/1381/346 462/1382/346 463/1383/346
f 458/1381/346 463/1383/346 459/1384/346
f 460/1385/347 459/1386/347 463/1387/347
f 460/1385/347 463/1387/347 464/1388/347
f 461/1389/348 462/1390/348 458/1391/348
f 461/1389/348 458/1391/348 457/1392/348
f 465/1393/349 466/1394/349 467/1395/349
f 465/1393/349 467/1395/349 468/1396/349
f 470/1397/350 469/1398/350 472/1399/350
f 470/1397/350 472/1399/350 471/1400/350
f 469/1401/351 465/1402/351 468/1403/351
f 469/1401/351 468/1403/351 472/1404/351
f 466/1405/352 470/1406/352 471/1407/352
f 466/1405/352 471/1407/352 467/1408/352
f 468/1409/353 467/1410/353 471/1411/353
f 468/1409/353 471/1411/353 472/1412/353
f 469/1413/354 470/1414/354 466/1415/354
f 469/1413/354 466/1415/354 465/1416/354
f 473/1417/355 474/1418/355 475/1419/355
f 473/1417/355 475/1419/355 476/1420/355
f 478/1421/356 477/1422/356 480/1423/356
f 478/1421/356 480/1423/356 479/1424/356
f 477/1425/357 473/1426/357 476/1427/357
f 477/1425/357 476/1427/357 480/1428/357
f 474/1429/358 478/1430/358 479/1431/358
f 474/1429/358 479/1431/358 475/1432/358
f 476/1433/359 475/1434/359 479/1435/359
f 476/1433/359 479/1435/359 480/1436/359
f 477/1437/360 478/1438/360 474/1439/360
f 477/1437/360 474/1439/360 473/1440/360
f 481/1441/361 482/1442/361 483/1443/361
f 481/1441/361 483/1443/361 484/1444/361
f 486/1445/362 485/1446/362 488/1447/362
f 486/1445/362 488/1447/362 487/1448/362
f 485/1449/363 481/1450/363 484/1451/363
f 485/1449/363 484/1451/363 488/1452/363
f 482/1453/364 486/1454/364 487/1455/364
f 482/1453/364 487/1455/364 483/1456/364
f 484/1457/365 483/1458/365 487/1459/365
f 484/1457/365 487/1459/365 488/1460/365
f 485/1461/366 486/1462/366 482/1463/366
f 485/1461/366 482/1463/366 481/1464/366
f 489/1465/367 490/1466/367 491/1467/367
f 489/1465/367 491/1467/367 492/1468/367
f 494/1469/368 493/1470/368 496/1471/368
f 494/1469/368 496/1471/368 495/1472/368
f 493/1473/369 489/1474/369 492/1475/369
f 493/1473/369 492/1475/369 496/1476/369
f 490/1477/370 494/1478/370 495/1479/370
f 490/1477/370 495/1479/370 491/1480/370
f 492/1481/371 491/1482/371 495/1483/371
f 492/1481/371 495/1483/371 496/1484/371
f 493/1485/372 494/1486/372 490/1487/372
f 493/1485/372 490/1487/372 489/1488/372
f 497/1489/373 498/1490/373 499/1491/373
f 497/1489/373 499/1491/373 500/1492/373
f 502/1493/374 501/1494/374 504/1495/374
f 502/1493/374 504/1495/374 503/1496/374
f 501/1497/375 497/1498/375 500/1499/375
f 501/1497/375 500/1499/375 504/1500/375
f 498/1501/376 502/1502/376 503/1503/376
f 498/1501/376 503/1503/376 499/1504/376
f 500/1505/377 499/1506/377 503/1507/377
f 500/1505/377 503/1507/377 504/1508/377
f 501/1509/378 502/1510/378 498/1511/378
f 501/1509/378 498/1511/378 497/1512/378
f 505/1513/379 506/1514/379 507/1515/379
f 505/1513/379 507/1515/379 508/1516/379
f 510/1517/380 509/1518/380 512/1519/380
f 510/1517/380 512/1519/380 511/1520/380
f 509/1521/381 505/1522/381 508/1523/381
f 509/1521/381 508/1523/381 512/1524/381
f 506/1525/382 510/1526/382 511/1527/382
f 506/1525/382 511/1527/382 507/1528/382
f 508/1529/383 507/1530/383 511/1531/383
f 508/1529/383 511/1531/383 512/1532/383
f 509/1533/384 510/1534/384 506/1535/384
f 509/1533/384 506/1535/384 505/1536/384
f 513/1537/385 514/1538/385 515/1539/385
f 513/1537/385 515/1539/385 516/1540/385
f 518/1541/386 517/1542/386 520/1543/386
f 518/1541/386 520/1543/386 519/1544/386
f 517/1545/387 513/1546/387 516/1547/387
f 517/1545/387 516/1547/387 520/1548/387
f 514/1549/388 518/1550/388 519/1551/388
f 514/1549/388 519/1551/388 515/1552/388
f 516/1553/389 515/1554/389 519/1555/389
f 516/1553/389 519/1555/389 520/1556/389
f 517/1557/390 518/1558/390 514/1559/390
f 517/1557/390 514/1559/390 513/1560/390
f 521/1561/391 522/1562/391 523/1563/391
f 521/1561/391 523/1563/391 524/1564/391
f 526/1565/392 525/1566/392 528/1567/392
f 526/1565/392 528/1567/392 527/1568/392
f 525/1569/393 521/1570/393 524/1571/393
f 525/1569/393 524/1571/393 528/1572/393
f 522/1573/394 526/1574/394 527/1575/394
f 522/1573/394 527/1575/394 523/1576/394
f 524/1577/395 523/1578/395 527/1579/395
f 524/1577/395 527/1579/395 528/1580/395
f 525/1581/396 526/1582/396 522/1583/396
f 525/1581/396 522/1583/396 521/1584/396
f 529/1585/397 530/1586/397 531/1587/397
f 529/1585/397 531/1587/397 532/1588/397
f 534/1589/398 533/1590/398 536/1591/398
f 534/1589/398 536/1591/398 535/1592/398
f 533/1593/399 529/1594/399 532/1595/399
f 533/1593/399 532/1595/399 536/1596/399
f 530/1597/400 534/1598/400 535/1599/400
f 530/1597/400 535/1599/400 531/1600/400
f 532/1601/401 531/1602/401 535/1603/401
f 532/1601/401 535/1603/401 536/1604/401
f 533/1605/402 534/1606/402 530/1607/402
f 533/1605/402 530/1607/402 529/1608/402
f 537/1609/403 538/1610/403 539/1611/403
f 537/1609/403 539/1611/403 540/1612/403
f 542/1613/404 541/1614/404 544/1615/404
f 542/1613/404 544/1615/404 543/1616/404
f 541/1617/405 537/1618/405 540/1619/405
f 541/1617/405 540/1619/405 544/1620/405
f 538/1621/406 542/1622/406 543/1623/406
f 538/1621/406 543/1623/406 539/1624/406
f 540/1625/407 539/1626/407 543/1627/407
f 540/1625/407 543/1627/407 544/1628/407
f 541/1629/408 542/1630/408 538/1631/408
f 541/1629/408 538/1631/408 537/1632/408
f 545/1633/409 546/1634/409 547/1635/409
f 545/1633/409 547/1635/409 548/1636/409
f 550/1637/410 549/1638/410 552/1639/410
f 550/1637/410 552/1639/410 551/1640/410
f 549/1641/411 545/1642/411 548/1643/411
f 549/1641/411 548/1643/411 552/1644/411
f 546/1645/412 550/1646/412 551/1647/412
f 546/1645/412 551/1647/412 547/1648/412
f 548/1649/413 547/1650/413 551/1651/413
f 548/1649/413 551/1651/413 552/1652/413
f 549/1653/414 550/1654/414 546/1655/414
f 549/1653/414 546/1655/414 545/1656/414
f 553/1657/415 554/1658/415 555/1659/415
f 553/1657/415 555/1659/415 556/1660/415
f 558/1661/416 557/1662/416 560/1663/416
f 558/1661/416 560/1663/416 559/1664/416
f 557/1665/417 553/1666/417 556/1667/417
f 557/1665/417 556/1667/417 560/1668/417
f 554/1669/418 558/1670/418 559/1671/418
f 554/1669/418 559/1671/418 555/1672/418
f 556/1673/419 555/1674/419 559/1675/419
f 556/1673/419 559/1675/419 560/1676/419
f 557/1677/420 558/1678/420 554/1679/420
f 557/1677/420 554/1679/420 553/1680/420
f 561/1681/421 562/1682/421 563/1683/421
f 561/1681/421 563/1683/421 564/1684/421
f 566/1685/422 565/1686/422 568/1687/422
f 566/1685/422 568/1687/422 567/1688/422
f 565/1689/423 561/1690/423 564/1691/423
f 565/1689/423 564/1691/423 568/1692/423
f 562/1693/424 566/1694/424 567/1695/424
f 562/1693/424 567/1695/424 563/1696/424
f 564/1697/425 563/1698/425 567/1699/425
f 564/1697/425 567/1699/425 568/1700/425
f 565/1701/426 566/1702/426 562/1703/426
f 565/1701/426 562/1703/426 561/1704/426
f 569/1705/427 570/1706/427 571/1707/427
f 569/1705/427 571/1707/427 572/1708/427
f 574/1709/428 573/1710/428 576/1711/428
f 574/1709/428 576/1711/428 575/1712/428
f 573/1713/429 569/1714/429 572/1715/429
f 573/1713/429 572/1715/429 576/1716/429
f 570/1717/430 574/1718/430 575/1719/430
f 570/1717/430 575/1719/430 571/1720/430
f 572/1721/431 571/1722/431 575/1723/431
f 572/1721/431 575/1723/431 576/1724/431
f 573/1725/432 574/1726/432 570/1727/432
f 573/1725/432 570/1727/432 569/1728/432
f 577/1729/433 578/1730/433 579/1731/433
f 577/1729/433 579/1731/433 580/1732/433
f 582/1733/434 581/1734/434 584/1735/434
f 582/1733/434 584/1735/434 583/1736/434
f 581/1737/435 577/1738/435 580/1739/435
f 581/1737/435 580/1739/435 584/1740/435
f 578/1741/436 582/1742/436 583/1743/436
f 578/1741/436 583/1743/436 579/1744/436
f 580/1745/437 579/1746/437 583/1747/437
f 580/1745/437 583/1747/437 584/1748/437
f 581/1749/438 582/1750/438 578/1751/438
f 581/1749/438 578/1751/438 577/1752/438
f 585/1753/439 586/1754/439 587/1755/439
f 585/1753/439 587/1755/439 588/1756/439
f 590/1757/440 589/1758/440 592/1759/440
f 590/1757/440 592/1759/440 591/1760/440
f 589/1761/441 585/1762/441 588/1763/441
f 589/1761/441 588/1763/441 592/1764/441
f 586/1765/442 590/1766/442 591/1767/442
f 586/1765/442 591/1767/442 587/1768/442
f 588/1769/443 587/1770/443 591/1771/443
f 588/1769/443 591/1771/443 592/1772/443
f 589/1773/444 590/1774/444 586/1775/444
f 589/1773/444 586/1775/444 585/1776/444
f 593/1777/445 594/1778/445 595/1779/445
f 593/1777/445 595/1779/445 596/1780/445
f 598/1781/446 597/1782/446 600/1783/446
f 598/1781/446 600/1783/446 599/1784/446
f 597/1785/447 593/1786/447 596/1787/447
f 597/1785/447 596/1787/447 600/1788/447
f 594/1789/448 598/1790/448 599/1791/448
f 594/1789/448 599/1791/448 595/1792/448
f 596/1793/449 595/1794/449 599/1795/449
f 596/1793/449 599/1795/449 600/1796/449
f 597/1797/450 598/1798/450 594/1799/450
f 597/1797/450 594/1799/450 593/1800/450
f 601/1801/451 602/1802/451 603/1803/451
f 601/1801/451 603/1803/451 604/1804/451
f 606/1805/452 605/1806/452 608/1807/452
f 606/1805/452 608/1807/452 607/1808/452
f 605/1809/453 601/1810/453 604/1811/453
f 605/1809/453 604/1811/453 608/1812/453
f 602/1813/454 606/1814/454 607/1815/454
f 602/1813/454 607/1815/454 603/1816/454
f 604/1817/455 603/1818/455 607/1819/455
f 604/1817/455 607/1819/455 608/1820/455
f 605/1821/456 606/1822/456 602/1823/456
f 605/1821/456 602/1823/456 601/1824/456
f 609/1825/457 610/1826/457 611/1827/457
f 609/1825/457 611/1827/457 612/1828/457
f 614/1829/458 613/1830/458 616/1831/458
f 614/1829/458 616/1831/458 615/1832/458
f 613/1833/459 609/1834/459 612/1835/459
f 613/1833/459 612/1835/459 616/1836/459
f 610/1837/460 614/1838/460 615/1839/460
f 610/1837/460 615/1839/460 611/1840/460
f 612/1841/461 611/1842/461 615/1843/461
f 612/1841/461 615/1843/461 616/1844/461
f 613/1845/462 614/1846/462 610/1847/462
f 613/1845/462 610/1847/462 609/1848/462
f 617/1849/463 618/1850/463 619/1851/463
f 617/1849/463 619/1851/463 620/1852/463
f 622/1853/464 621/1854/464 624/1855/464
f 622/1853/464 624/1855/464 623/1856/464
f 621/1857/465 617/1858/465 620/1859/465
f 621/1857/465 620/1859/465 624/1860/465
f 618/1861/466 622/1862/466 623/1863/466
f 618/1861/466 623/1863/466 619/1864/466
f 620/1865/467 619/1866/467 623/1867/467
f 620/1865/467 623/1867/467 624/1868/467
f 621/1869/468 622/1870/468 618/1871/468
f 621/1869/468 618/1871/468 617/1872/468
f 625/1873/469 626/1874/469 627/1875/469
f 625/1873/469 627/1875/469 628/1876/469
f 630/1877/470 629/1878/470 632/1879/470
f 630/1877/470 632/1879/470 631/1880/470
f 629/1881/471 625/1882/471 628/1883/471
f 629/1881/471 628/1883/471 632/1884/471
f 626/1885/472 630/1886/472 631/1887/472
f 626/1885/472 631/1887/472 627/1888/472
f 628/1889/473 627/1890/473 631/1891/473
f 628/1889/473 631/1891/473 632/1892/473
f 629/1893/474 630/1894/474 626/1895/474
f 629/1893/474 626/1895/474 625/1896/474
f 633/1897/475 634/1898/475 635/1899/475
f 633/1897/475 635/1899/475 636/1900/475
f 638/1901/476 637/1902/476 640/1903/476
f 638/1901/476 640/1903/476 639/1904/476
f 637/1905/477 633/1906/477 636/1907/477
f 637/1905/477 636/1907/477 640/1908/477
f 634/1909/478 638/1910/478 639/1911/478
f 634/1909/478 639/1911/478 635/1912/478
f 636/1913/479 635/1914/479 639/1915/479
f 636/1913/479 639/1915/479 640/1916/479
f 637/1917/480 638/1918/480 634/1919/480
f 637/1917/480 634/1919/480 633/1920/480
f 641/1921/481 642/1922/481 643/1923/481
f 641/1921/481 643/1923/481 644/1924/481
f 646/1925/482 645/1926/482 648/1927/482
f 646/1925/482 648/1927/482 647/1928/482
f 645/1929/483 641/1930/483 644/1931/483
f 645/1929/483 644/1931/483 648/1932/483
f 642/1933/484 646/1934/484 647/1935/484
f 642/1933/484 647/1935/484 643/1936/484
f 644/1937/485 643/1938/485 647/1939/485
f 644/1937/485 647/1939/485 648/1940/485
f 645/1941/486 646/1942/486 642/1943/486
f 645/1941/486 642/1943/486 641/1944/486
f 649/1945/487 650/1946/487 651/1947/487
f 649/1945/487 651/1947/487 652/1948/487
f 654/1949/488 653/1950/488 656/1951/488
f 654/1949/488 656/1951/488 655/1952/488
f 653/1953/489 649/1954/489 652/1955/489
f 653/1953/489 652/1955/489 656/1956/489
f 650/1957/490 654/1958/490 655/1959/490
f 650/1957/490 655/1959/490 651/1960/490
f 652/1961/491 651/1962/491 655/1963/491
f 652/1961/491 655/1963/491 656/1964/491
f 653/1965/492 654/1966/492 650/1967/492
f 653/1965/492 650/1967/492 649/1968/492
f 657/1969/493 658/1970/493 659/1971/493
f 657/1969/493 659/1971/493 660/1972/493
f 662/1973/494 661/1974/494 664/1975/494
f 662/1973/494 664/1975/494 663/1976/494
f 661/1977/495 657/1978/495 660/1979/495
f 661/1977/495 660/1979/495 664/1980/495
f 658/1981/496 662/1982/496 663/1983/496
f 658/1981/496 663/1983/496 659/1984/496
f 660/1985/497 659/1986/497 663/1987/497
f 660/1985/497 663/1987/497 664/1988/497
f 661/1989/498 662/1990/498 658/1991/498
f 661/1989/498 658/1991/498 657/1992/498
f 665/1993/499 666/1994/499 667/1995/499
f 665/1993/499 667/1995/499 668/1996/499
f 670/1997/500 669/1998/500 672/1999/500
f 670/1997/500 672/1999/500 671/2000/500
f 669/2001/501 665/2002/501 668/2003/501
f 669/2001/501 668/2003/501 672/2004/501
f 666/2005/502 670/2006/502 671/2007/502
f 666/2005/502 671/2007/502 667/2008/502
f 668/2009/503 667/2010/503 671/2011/503
f 668/2009/503 671/2011/503 672/2012/503
f 669/2013/504 670/2014/504 666/2015/504
f 669/2013/504 666/2015/504 665/2016/504
f 673/2017/505 674/2018/505 675/2019/505
f 673/2017/505 675/2019/505 676/2020/505
f 678/2021/506 677/2022/506 680/2023/506
f 678/2021/506 680/2023/506 679/2024/506
f 677/2025/507 673/2026/507 676/2027/507
f 677/2025/507 676/2027/507 680/2028/507
f 674/2029/508 678/2030/508 679/2031/508
f 674/2029/508 679/2031/508 675/2032/508
f 676/2033/509 675/2034/509 679/2035/509
f 676/2033/509 679/2035/509 680/2036/509
f 677/2037/510 678/2038/510 674/2039/510
f 677/2037/510 674/2039/510 673/2040/510
f 681/2041/511 682/2042/511 683/2043/511
f 681/2041/511 683/2043/511 684/2044/511
f 686/2045/512 685/2046/512 688/2047/512
f 686/2045/512 688/2047/512 687/2048/512
f 685/2049/513 681/2050/513 684/2051/513
f 685/2049/513 684/2051/513 688/2052/513
f 682/2053/514 686/2054/514 687/2055/514
f 682/2053/514 687/2055/514 683/2056/514
f 684/2057/515 683/2058/515 687/2059/515
f 684/2057/515 687/2059/515 688/2060/515
f 685/2061/516 686/2062/516 682/2063/516
f 685/2061/516 682/2063/516 681/2064/516
f 689/2065/517 690/2066/517 691/2067/517
f 689/2065/517 691/2067/517 692/2068/517
f 694/2069/518 693/2070/518 696/2071/518
f 694/2069/518 696/2071/518 695/2072/518
f 693/2073/519 689/2074/519 692/2075/519
f 693/2073/519 692/2075/519 696/2076/519
f 690/2077/520 694/2078/520 695/2079/520
f 690/2077/520 695/2079/520 691/2080/520
f 692/2081/521 691/2082/521 695/2083/521
f 692/2081/521 695/2083/521 696/2084/521
f 693/2085/522 694/2086/522 690/2087/522
f 693/2085/522 690/2087/522 689/2088/522
f 697/2089/523 698/2090/523 699/2091/523
f 697/2089/523 699/2091/523 700/2092/523
f 702/2093/524 701/2094/524 704/2095/524
f 702/2093/524 704/2095/524 703/2096/524
f 701/2097/525 697/2098/525 700/2099/525
f 701/2097/525 700/2099/525 704/2100/525
f 698/2101/526 702/2102/526 703/2103/526
f 698/2101/526 703/2103/526 699/2104/526
f 700/2105/527 699/2106/527 703/2107/527
f 700/2105/527 703/2107/527 704/2108/527
f 701/2109/528 702/2110/528 698/2111/528
f 701/2109/528 698/2111/528 697/2112/528
f 705/2113/529 706/2114/529 707/2115/529
f 705/2113/529 707/2115/529 708/2116/529
f 710/2117/530 709/2118/530 712/2119/530
f 710/2117/530 712/2119/530 711/2120/530
f 709/2121/531 705/2122/531 708/2123/531
f 709/2121/531 708/2123/531 712/2124/531
f 706/2125/532 710/2126/532 711/2127/532
f 706/2125/532 711/2127/532 707/2128/532
f 708/2129/533 707/2130/533 711/2131/533
f 708/2129/533 711/2131/533 712/2132/533
f 709/2133/534 710/2134/534 706/2135/534
f 709/2133/534 706/2135/534 705/2136/534
f 713/2137/535 714/2138/535 715/2139/535
f 713/2137/535 715/2139/535 716/2140/535
f 718/2141/536 717/2142/536 720/2143/536
f 718/2141/536 720/2143/536 719/2144/536
f 717/2145/537 713/2146/537 716/2147/537
f 717/2145/537 716/2147/537 720/2148/537
f 714/2149/538 718/2150/538 719/2151/538
f 714/2149/538 719/2151/538 715/2152/538
f 716/2153/539 715/2154/539 719/2155/539
f 716/2153/539 719/2155/539 720/2156/539
f 717/2157/540 718/2158/540 714/2159/540
f 717/2157/540 714/2159/540 713/2160/540
f 721/2161/541 722/2162/541 723/2163/541
f 721/2161/541 723/2163/541 724/2164/541
f 726/2165/542 725/2166/542 728/2167/542
f 726/2165/542 728/2167/542 727/2168/542
f 725/2169/543 721/2170/543 724/2171/543
f 725/2169/543 724/2171/543 728/2172/543
f 722/2173/544 726/2174/544 727/2175/544
f 722/2173/544 727/2175/544 723/2176/544
f 724/2177/545 723/2178/545 727/2179/545
f 724/2177/545 727/2179/545 728/2180/545
f 725/2181/546 726/2182/546 722/2183/546
f 725/2181/546 722/2183/546 721/2184/546
f 729/2185/547 730/2186/547 731/2187/547
f 729/2185/547 731/2187/547 732/2188/547
f 734/2189/548 733/2190/548 736/2191/548
f 734/2189/548 736/2191/548 735/2192/548
f 733/2193/549 729/2194/549 732/2195/549
f 733/2193/549 732/2195/549 736/2196/549
f 730/2197/550 734/2198/550 735/2199/550
f 730/2197/550 735/2199/550 731/2200/550
f 732/2201/551 731/2202/551 735/2203/551
f 732/2201/551 735/2203/551 736/2204/551
f 733/2205/552 734/2206/552 730/2207/552
f 733/2205/552 730/2207/552 729/2208/552
f 737/2209/553 738/2210/553 739/2211/553
f 737/2209/553 739/2211/553 740/2212/553
f 742/2213/554 741/2214/554 744/2215/554
f 742/2213/554 744/2215/554 743/2216/554
f 741/2217/555 737/2218/555 740/2219/555
f 741/2217/555 740/2219/555 744/2220/555
f 738/2221/556 742/2222/556 743/2223/556
f 738/2221/556 743/2223/556 739/2224/556
f 740/2225/557 739/2226/557 743/2227/557
f 740/2225/557 743/2227/557 744/2228/557
f 741/2229/558 742/2230/558 738/2231/558
f 741/2229/558 738/2231/558 737/2232/558
f 745/2233/559 746/2234/559 747/2235/559
f 745/2233/559 747/2235/559 748/2236/559
f 750/2237/560 749/2238/560 752/2239/560
f 750/2237/560 752/2239/560 751/2240/560
f 749/2241/561 745/2242/561 748/2243/561
f 749/2241/561 748/2243/561 752/2244/561
f 746/2245/562 750/2246/562 751/2247/562
f 746/2245/562 751/2247/562 747/2248/562
f 748/2249/563 747/2250/563 751/2251/563
f 748/2249/563 751/2251/563 752/2252/563
f 749/2253/564 750/2254/564 746/2255/564
f 749/2253/564 746/2255/564 745/2256/564
f 753/2257/565 754/2258/565 755/2259/565
f 753/2257/565 755/2259/565 756/2260/565
f 758/2261/566 757/2262/566 760/2263/566
f 758/2261/566 760/2263/566 759/2264/566
f 757/2265/567 753/2266/567 756/2267/567
f 757/2265/567 756/2267/567 760/2268/567
f 754/2269/568 758/2270/568 759/2271/568
f 754/2269/568 759/2271/568 755/2272/568
f 756/2273/569 755/2274/569 759/2275/569
f 756/2273/569 759/2275/569 760/2276/569
f 757/2277/570 758/2278/570 754/2279/570
f 757/2277/570 754/2279/570 753/2280/570
f 761/2281/571 762/2282/571 763/2283/571
f 761/2281/571 763/2283/571 764/2284/571
f 766/2285/572 765/2286/572 768/2287/572
f 766/2285/572 768/2287/572 767/2288/572
f 765/2289/573 761/2290/573 764/2291/573
f 765/2289/573 764/2291/573 768/2292/573
f 762/2293/574 766/2294/574 767/2295/574
f 762/2293/574 767/2295/574 763/2296/574
f 764/2297/575 763/2298/575 767/2299/575
f 764/2297/575 767/2299/575 768/2300/575
f 765/2301/576 766/2302/576 762/2303/576
f 765/2301/576 762/2303/576 761/2304/576
f 769/2305/577 770/2306/577 771/2307/577
f 769/2305/577 771/2307/577 772/2308/577
f 774/2309/578 773/2310/578 776/2311/578
f 774/2309/578 776/2311/578 775/2312/578
f 773/2313/579 769/2314/579 772/2315/579
f 773/2313/579 772/2315/579 776/2316/579
f 770/2317/580 774/2318/580 775/2319/580
f 770/2317/580 775/2319/580 771/2320/580
f 772/2321/581 771/2322/581 775/2323/581
f 772/2321/581 775/2323/581 776/2324/581
f 773/2325/582 774/2326/582 770/2327/582
f 773/2325/582 770/2327/582 769/2328/582
f 777/2329/583 778/2330/583 779/2331/583
f 777/2329/583 779/2331/583 780/2332/583
f 782/2333/584 781/2334/584 784/2335/584
f 782/2333/584 784/2335/584 783/2336/584
f 781/2337/585 777/2338/585 780/2339/585
f 781/2337/585 780/2339/585 784/2340/585
f 778/2341/586 782/2342/586 783/2343/586
f 778/2341/586 783/2343/586 779/2344/586
f 780/2345/587 779/2346/587 783/2347/587
f 780/2345/587 783/2347/587 784/2348/587
f 781/2349/588 782/2350/588 778/2351/588
f 781/2349/588 778/2351/588 777/2352/588
f 785/2353/589 786/2354/589 787/2355/589
f 785/2353/589 787/2355/589 788/2356/589
f 790/2357/590 789/2358/590 792/2359/590
f 790/2357/590 792/2359/590 791/2360/590
f 789/2361/591 785/2362/591 788/2363/591
f 789/2361/591 788/2363/591 792/2364/591
f 786/2365/592 790/2366/592 791/2367/592
f 786/2365/592 791/2367/592 787/2368/592
f 788/2369/593 787/2370/593 791/2371/593
f 788/2369/593 791/2371/593 792/2372/593
f 789/2373/594 790/2374/594 786/2375/594
f 789/2373/594 786/2375/594 785/2376/594
f 793/2377/595 794/2378/595 795/2379/595
f 793/2377/595 795/2379/595 796/2380/595
f 798/2381/596 797/2382/596 800/2383/596
f 798/2381/596 800/2383/596 799/2384/596
f 797/2385/597 793/2386/597 796/2387/597
f 797/2385/597 796/2387/597 800/2388/597
f 794/2389/598 798/2390/598 799/2391/598
f 794/2389/598 799/2391/598 795/2392/598
f 796/2393/599 795/2394/599 799/2395/599
f 796/2393/599 799/2395/599 800/2396/599
f 797/2397/600 798/2398/600 794/2399/600
f 797/2397/600 794/2399/600 793/2400/600
f 801/2401/601 802/2402/601 803/2403/601
f 801/2401/601 803/2403/601 804/2404/601
f 806/2405/602 805/2406/602 808/2407/602
f 806/2405/602 808/2407/602 807/2408/602
f 805/2409/603 801/2410/603 804/2411/603
f 805/2409/603 804/2411/603 808/2412/603
f 802/2413/604 806/2414/604 807/2415/604
f 802/2413/604 807/2415/604 803/2416/604
f 804/2417/605 803/2418/605 807/2419/605
f 804/2417/605 807/2419/605 808/2420/605
f 805/2421/606 806/2422/606 802/2423/606
f 805/2421/606 802/2423/606 801/2424/606
f 809/2425/607 810/2426/607 811/2427/607
f 809/2425/607 811/2427/607 812/2428/607
f 814/2429/608 813/2430/608 816/2431/608
f 814/2429/608 816/2431/608 815/2432/608
f 813/2433/609 809/2434/609 812/2435/609
f 813/2433/609 812/2435/609 816/2436/609
f 810/2437/610 814/2438/610 815/2439/610
f 810/2437/610 815/2439/610 811/2440/610
f 812/2441/611 811/2442/611 815/2443/611
f 812/2441/611 815/2443/611 816/2444/611
f 813/2445/612 814/2446/612 810/2447/612
f 813/2445/612 810/2447/612 809/2448/612
f 817/2449/613 818/2450/613 819/2451/613
f 817/2449/613 819/2451/613 820/2452/613
f 822/2453/614 821/2454/614 824/2455/614
f 822/2453/614 824/2455/614 823/2456/614
f 821/2457/615 817/2458/615 820/2459/615
f 821/2457/615 820/2459/615 824/2460/615
f 818/2461/616 822/2462/616 823/2463/616
f 818/2461/616 823/2463/616 819/2464/616
f 820/2465/617 819/2466/617 823/2467/617
f 820/2465/617 823/2467/617 824/2468/617
f 821/2469/618 822/2470/618 818/2471/618
f 821/2469/618 818/2471/618 817/2472/618
f 825/2473/619 826/2474/619 827/2475/619
f 825/2473/619 827/2475/619 828/2476/619
f 830/2477/620 829/2478/620 832/2479/620
f 830/2477/620 832/2479/620 831/2480/620
f 829/2481/621 825/2482/621 828/2483/621
f 829/2481/621 828/2483/621 832/2484/621
f 826/2485/622 830/2486/622 831/2487/622
f 826/2485/622 831/2487/622 827/2488/622
f 828/2489/623 827/2490/623 831/2491/623
f 828/2489/623 831/2491/623 832/2492/623
f 829/2493/624 830/2494/624 826/2495/624
f 829/2493/624 826/2495/624 825/2496/624
f 833/2497/625 834/2498/625 835/2499/625
f 833/2497/625 835/2499/625 836/2500/625
f 838/2501/626 837/2502/626 840/2503/626
f 838/2501/626 840/2503/626 839/2504/626
f 837/2505/627 833/2506/627 836/2507/627
f 837/2505/627 836/2507/627 840/2508/627
f 834/2509/628 838/2510/628 839/2511/628
f 834/2509/628 839/2511/628 835/2512/628
f 836/2513/629 835/2514/629 839/2515/629
f 836/2513/629 839/2515/629 840/2516/629
f 837/2517/630 838/2518/630 834/2519/630
f 837/2517/630 834/2519/630 833/2520/630
f 841/2521/631 842/2522/631 843/2523/631
f 841/2521/631 843/2523/631 844/2524/631
f 846/2525/632 845/2526/632 848/2527/632
f 846/2525/632 848/2527/632 847/2528/632
f 845/2529/633 841/2530/633 844/2531/633
f 845/2529/633 844/2531/633 848/2532/633
f 842/2533/634 846/2534/634 847/2535/634
f 842/2533/634 847/2535/634 843/2536/634
f 844/2537/635 843/2538/635 847/2539/635
f 844/2537/635 847/2539/635 848/2540/635
f 845/2541/636 846/2542/636 842/2543/636
f 845/2541/636 842/2543/636 841/2544/636
f 849/2545/637 850/2546/637 851/2547/637
f 849/2545/637 851/2547/637 852/2548/637
f 854/2549/638 853/2550/638 856/2551/638
f 854/2549/638 856/2551/638 855/2552/638
f 853/2553/639 849/2554/639 852/2555/639
f 853/2553/639 852/2555/639 856/2556/639
f 850/2557/640 854/2558/640 855/2559/640
f 850/2557/640 855/2559/640 851/2560/640
f 852/2561/641 851/2562/641 855/2563/641
f 852/2561/641 855/2563/641 856/2564/641
f 853/2565/642 854/2566/642 850/2567/642
f 853/2565/642 850/2567/642 849/2568/642
f 857/2569/643 858/2570/643 859/2571/643
f 857/2569/643 859/2571/643 860/2572/643
f 862/2573/644 861/2574/644 864/2575/644
f 862/2573/644 864/2575/644 863/2576/644
f 861/2577/645 857/2578/645 860/2579/645
f 861/2577/645 860/2579/645 864/2580/645
f 858/2581/646 862/2582/646 863/2583/646
f 858/2581/646 863/2583/646 859/2584/646
f 860/2585/647 859/2586/647 863/2587/647
f 860/2585/647 863/2587/647 864/2588/647
f 861/2589/648 862/2590/648 858/2591/648
f 861/2589/648 858/2591/648 857/2592/648
f 865/2593/649 866/2594/649 867/2595/649
f 865/2593/649 867/2595/649 868/2596/649
f 870/2597/650 869/2598/650 872/2599/650
f 870/2597/650 872/2599/650 871/2600/650
f 869/2601/651 865/2602/651 868/2603/651
f 869/2601/651 868/2603/651 872/2604/651
f 866/2605/652 870/2606/652 871/2607/652
f 866/2605/652 871/2607/652 867/2608/652
f 868/2609/653 867/2610/653 871/2611/653
f 868/2609/653 871/2611/653 872/2612/653
f 869/2613/654 870/2614/654 866/2615/654
f 869/2613/654 866/2615/654 865/2616/654
f 873/2617/655 874/2618/655 875/2619/655
f 873/2617/655 875/2619/655 876/2620/655
f 878/2621/656 877/2622/656 880/2623/656
f 878/2621/656 880/2623/656 879/2624/656
f 877/2625/657 873/2626/657 876/2627/657
f 877/2625/657 876/2627/657 880/2628/657
f 874/2629/658 878/2630/658 879/2631/658
f 874/2629/658 879/2631/658 875/2632/658
f 876/2633/659 875/2634/659 879/2635/659
f 876/2633/659 879/2635/659 880/2636/659
f 877/2637/660 878/2638/660 874/2639/660
f 877/2637/660 874/2639/660 873/2640/660
f 881/2641/661 882/2642/661 883/2643/661
f 881/2641/661 883/2643/661 884/2644/661
f 886/2645/662 885/2646/662 888/2647/662
f 886/2645/662 888/2647/662 887/2648/662
f 885/2649/663 881/2650/663 884/2651/663
f 885/2649/663 884/2651/663 888/2652/663
f 882/2653/664 886/2654/664 887/2655/664
f 882/2653/664 887/2655/664 883/2656/664
f 884/2657/665 883/2658/665 887/2659/665
f 884/2657/665 887/2659/665 888/2660/665
f 885/2661/666 886/2662/666 882/2663/666
f 885/2661/666 882/2663/666 881/2664/666
f 889/2665/667 890/2666/667 891/2667/667
f 889/2665/667 891/2667/667 892/2668/667
f 894/2669/668 893/2670/668 896/2671/668
f 894/2669/668 896/2671/668 895/2672/668
f 893/2673/669 889/2674/669 892/2675/669
f 893/2673/669 892/2675/669 896/2676/669
f 890/2677/670 894/2678/670 895/2679/670
f 890/2677/670 895/2679/670 891/2680/670
f 892/2681/671 891/2682/671 895/2683/671
f 892/2681/671 895/2683/671 896/2684/671
f 893/2685/672 894/2686/672 890/2687/672
f 893/2685/672 890/2687/672 889/2688/672
f 897/2689/673 898/2690/673 899/2691/673
f 897/2689/673 899/2691/673 900/2692/673
f 902/2693/674 901/2694/674 904/2695/674
f 902/2693/674 904/2695/674 903/2696/674
f 901/2697/675 897/2698/675 900/2699/675
f 901/2697/675 900/2699/675 904/2700/675
f 898/2701/676 902/2702/676 903/2703/676
f 898/2701/676 903/2703/676 899/2704/676
f 900/2705/677 899/2706/677 903/2707/677
f 900/2705/677 903/2707/677 904/2708/677
f 901/2709/678 902/2710/678 898/2711/678
f 901/2709/678 898/2711/678 897/2712/678
f 905/2713/679 906/2714/679 907/2715/679
f 905/2713/679 907/2715/679 908/2716/679
f 910/2717/680 909/2718/680 912/2719/680
f 910/2717/680 912/2719/680 911/2720/680
f 909/2721/681 905/2722/681 908/2723/681
f 909/2721/681 908/2723/681 912/2724/681
f 906/2725/682 910/2726/682 911/2727/682
f 906/2725/682 911/2727/682 907/2728/682
f 908/2729/683 907/2730/683 911/2731/683
f 908/2729/683 911/2731/683 912/2732/683
f 909/2733/684 910/2734/684 906/2735/684
f 909/2733/684 906/2735/684 905/2736/684
f 913/2737/685 914/2738/685 915/2739/685
f 913/2737/685 915/2739/685 916/2740/685
f 918/2741/686 917/2742/686 920/2743/686
f 918/2741/686 920/2743/686 919/2744/686
f 917/2745/687 913/2746/687 916/2747/687
f 917/2745/687 916/2747/687 920/2748/687
f 914/2749/688 918/2750/688 919/2751/688
f 914/2749/688 919/2751/688 915/2752/688
f 916/2753/689 915/2754/689 919/2755/689
f 916/2753/689 919/2755/689 920/2756/689
f 917/2757/690 918/2758/690 914/2759/690
f 917/2757/690 914/2759/690 913/2760/690
f 921/2761/691 922/2762/691 923/2763/691
f 921/2761/691 923/2763/691 924/2764/691
f 926/2765/692 925/2766/692 928/2767/692
f 926/2765/692 928/2767/692 927/2768/692
f 925/2769/693 921/2770/693 924/2771/693
f 925/2769/693 924/2771/693 928/2772/693
f 922/2773/694 926/2774/694 927/2775/694
f 922/2773/694 927/2775/694 923/2776/694
f 924/2777/695 923/2778/695 927/2779/695
f 924/2777/695 927/2779/695 928/2780/695
f 925/2781/696 926/2782/696 922/2783/696
f 925/2781/696 922/2783/696 921/2784/696
f 929/2785/697 930/2786/697 931/2787/697
f 929/2785/697 931/2787/697 932/2788/697
f 934/2789/698 933/2790/698 936/2791/698
f 934/2789/698 936/2791/698 935/2792/698
f 933/2793/699 929/2794/699 932/2795/699
f 933/2793/699 932/2795/699 936/2796/699
f 930/2797/700 934/2798/700 935/2799/700
f 930/2797/700 935/2799/700 931/2800/700
f 932/2801/701 931/2802/701 935/2803/701
f 932/2801/701 935/2803/701 936/2804/701
f 933/2805/702 934/2806/702 930/2807/702
f 933/2805/702 930/2807/702 929/2808/702
f 937/2809/703 938/2810/703 939/2811/703
f 937/2809/703 939/2811/703 940/2812/703
f 942/2813/704 941/2814/704 944/2815/704
f 942/2813/704 944/2815/704 943/2816/704
f 941/2817/705 937/2818/705 940/2819/705
f 941/2817/705 940/2819/705 944/2820/705
f 938/2821/706 942/2822/706 943/2823/706
f 938/2821/706 943/2823/706 939/2824/706
f 940/2825/707 939/2826/707 943/2827/707
f 940/2825/707 943/2827/707 944/2828/707
f 941/2829/708 942/2830/708 938/2831/708
f 941/2829/708 938/2831/708 937/2832/708
f 945/2833/709 946/2834/709 947/2835/709
f 945/2833/709 947/2835/709 948/2836/709
f 950/2837/710 949/2838/710 952/2839/710
f 950/2837/710 952/2839/710 951/2840/710
f 949/2841/711 945/2842/711 948/2843/711
f 949/2841/711 948/2843/711 952/2844/711
f 946/2845/712 950/2846/712 951/2847/712
f 946/2845/712 951/2847/712 947/2848/712
f 948/2849/713 947/2850/713 951/2851/713
f 948/2849/713 951/2851/713 952/2852/713
f 949/2853/714 950/2854/714 946/2855/714
f 949/2853/714 946/2855/714 945/2856/714
f 953/2857/715 954/2858/715 955/2859/715
f 953/2857/715 955/2859/715 956/2860/715
f 958/2861/716 957/2862/716 960/2863/716
f 958/2861/716 960/2863/716 959/2864/716
f 957/2865/717 953/2866/717 956/2867/717
f 957/2865/717 956/2867/717 960/2868/717
f 954/2869/718 958/2870/718 959/2871/718
f 954/2869/718 959/2871/718 955/2872/718
f 956/2873/719 955/2874/719 959/2875/719
f 956/2873/719 959/2875/719 960/2876/719
f 957/2877/720 958/2878/720 954/2879/720
f 957/2877/720 954/2879/720 953/2880/720
f 961/2881/721 962/2882/721 963/2883/721
f 961/2881/721 963/2883/721 964/2884/721
f 966/2885/722 965/2886/722 968/2887/722
f 966/2885/722 968/2887/722 967/2888/722
f 965/2889/723 961/2890/723 964/2891/723
f 965/2889/723 964/2891/723 968/2892/723
f 962/2893/724 966/2894/724 967/2895/724
f 962/2893/724 967/2895/724 963/2896/724
f 964/2897/725 963/2898/725 967/2899/725
f 964/2897/725 967/2899/725 968/2900/725
f 965/2901/726 966/2902/726 962/2903/726
f 965/2901/726 962/2903/726 961/2904/726
f 969/2905/727 970/2906/727 971/2907/727
f 969/2905/727 971/2907/727 972/2908/727
f 974/2909/728 973/2910/728 976/2911/728
f 974/2909/728 976/2911/728 975/2912/728
f 973/2913/729 969/2914/729 972/2915/729
f 973/2913/729 972/2915/729 976/2916/729
f 970/2917/730 974/2918/730 975/2919/730
f 970/2917/730 975/2919/730 971/2920/730
f 972/2921/731 971/2922/731 975/2923/731
f 972/2921/731 975/2923/731 976/2924/731
f 973/2925/732 974/2926/732 970/2927/732
f 973/2925/732 970/2927/732 969/2928/732
f 977/2929/733 978/2930/733 979/2931/733
f 977/2929/733 979/2931/733 980/2932/733
f 982/2933/734 981/2934/734 984/2935/734
f 982/2933/734 984/2935/734 983/2936/734
f 981/2937/735 977/2938/735 980/2939/735
f 981/2937/735 980/2939/735 984/2940/735
f 978/2941/736 982/2942/736 983/2943/736
f 978/2941/736 983/2943/736 979/2944/736
f 980/2945/737 979/2946/737 983/2947/737
f 980/2945/737 983/2947/737 984/2948/737
f 981/2949/738 982/2950/738 978/2951/738
f 981/2949/738 978/2951/738 977/2952/738
f 985/2953/739 986/2954/739 987/2955/739
f 985/2953/739 987/2955/739 988/2956/739
f 990/2957/740 989/2958/740 992/2959/740
f 990/2957/740 992/2959/740 991/2960/740
f 989/2961/741 985/2962/741 988/2963/741
f 989/2961/741 988/2963/741 992/2964/741
f 986/2965/742 990/2966/742 991/2967/742
f 986/2965/742 991/2967/742 987/2968/742
f 988/2969/743 987/2970/743 991/2971/743
f 988/2969/743 991/2971/743 992/2972/743
f 989/2973/744 990/2974/744 986/2975/744
f 989/2973/744 986/2975/744 985/2976/744
f 993/2977/745 994/2978/745 995/2979/745
f 993/2977/745 995/2979/745 996/2980/745
f 998/2981/746 997/2982/746 1000/2983/746
f 998/2981/746 1000/2983/746 999/2984/746
f 997/2985/747 993/2986/747 996/2987/747
f 997/2985/747 996/2987/747 1000/2988/747
f 994/2989/748 998/2990/748 999/2991/748
f 994/2989/748 999/2991/748 995/2992/748
f 996/2993/749 995/2994/749 999/2995/749
f 996/2993/749 999/2995/749 1000/2996/749
f 997/2997/750 998/2998/750 994/2999/750
f 997/2997/750 994/2999/750 993/3000/750
usemtl GoldBronze
f 1001/3001/751 1003/3002/751 1004/3003/751
f 1001/3001/751 1004/3003/751 1002/3004/751
f 1018/3005/752 1002/3006/752 1004/3007/752
f 1017/3008/753 1003/3009/753 1001/3010/753
f 1003/3011/754 1005/3012/754 1006/3013/754
f 1003/3011/754 1006/3013/754 1004/3014/754
f 1018/3015/755 1004/3016/755 1006/3017/755
f 1017/3018/756 1005/3019/756 1003/3020/756
f 1005/3021/757 1007/3022/757 1008/3023/757
f 1005/3021/757 1008/3023/757 1006/3024/757
f 1018/3025/758 1006/3026/758 1008/3027/758
f 1017/3028/759 1007/3029/759 1005/3030/759
f 1007/3031/760 1009/3032/760 1010/3033/760
f 1007/3031/760 1010/3033/760 1008/3034/760
f 1018/3035/761 1008/3036/761 1010/3037/761
f 1017/3038/762 1009/3039/762 1007/3040/762
f 1009/3041/763 1011/3042/763 1012/3043/763
f 1009/3041/763 1012/3043/763 1010/3044/763
f 1018/3045/764 1010/3046/764 1012/3047/764
f 1017/3048/765 1011/3049/765 1009/3050/765
f 1011/3051/766 1013/3052/766 1014/3053/766
f 1011/3051/766 1014/3053/766 1012/3054/766
f 1018/3055/767 1012/3056/767 1014/3057/767
f 1017/3058/768 1013/3059/768 1011/3060/768
f 1013/3061/769 1015/3062/769 1016/3063/769
f 1013/3061/769 1016/3063/769 1014/3064/769
f 1018/3065/770 1014/3066/770 1016/3067/770
f 1017/3068/771 1015/3069/771 1013/3070/771
f 1015/3071/772 1001/3072/772 1002/3073/772
f 1015/3071/772 1002/3073/772 1016/3074/772
f 1018/3075/773 1016/3076/773 1002/3077/773
f 1017/3078/774 1001/3079/774 1015/3080/774
f 1019/3081/775 1021/3082/775 1022/3083/775
f 1019/3081/775 1022/3083/775 1020/3084/775
f 1036/3085/776 1020/3086/776 1022/3087/776
f 1035/3088/777 1021/3089/777 1019/3090/777
f 1021/3091/778 1023/3092/778 1024/3093/778
f 1021/3091/778 1024/3093/778 1022/3094/778
f 1036/3095/779 1022/3096/779 1024/3097/779
f 1035/3098/780 1023/3099/780 1021/3100/780
f 1023/3101/781 1025/3102/781 1026/3103/781
f 1023/3101/781 1026/3103/781 1024/3104/781
f 1036/3105/782 1024/3106/782 1026/3107/782
f 1035/3108/783 1025/3109/783 1023/3110/783
f 1025/3111/784 1027/3112/784 1028/3113/784
f 1025/3111/784 1028/3113/784 1026/3114/784
f 1036/3115/785 1026/3116/785 1028/3117/785
f 1035/3118/786 1027/3119/786 1025/3120/786
f 1027/3121/787 1029/3122/787 1030/3123/787
f 1027/3121/787 1030/3123/787 1028/3124/787
f 1036/3125/788 1028/3126/788 1030/3127/788
f 1035/3128/789 1029/3129/789 1027/3130/789
f 1029/3131/790 1031/3132/790 1032/3133/790
f 1029/3131/790 1032/3133/790 1030/3134/790
f 1036/3135/791 1030/3136/791 1032/3137/791
f 1035/3138/792 1031/3139/792 1029/3140/792
f 1031/3141/793 1033/3142/793 1034/3143/793
f 1031/3141/793 1034/3143/793 1032/3144/793
f 1036/3145/794 1032/3146/794 1034/3147/794
f 1035/3148/795 1033/3149/795 1031/3150/795
f 1033/3151/796 1019/3152/796 1020/3153/796
f 1033/3151/796 1020/3153/796 1034/3154/796
f 1036/3155/797 1034/3156/797 1020/3157/797
f 1035/3158/798 1019/3159/798 1033/3160/798
f 1037/3161/799 1039/3162/799 1040/3163/799
f 1037/3161/799 1040/3163/799 1038/3164/799
f 1054/3165/800 1038/3166/800 1040/3167/800
f 1053/3168/801 1039/3169/801 1037/3170/801
f 1039/3171/802 1041/3172/802 1042/3173/802
f 1039/3171/802 1042/3173/802 1040/3174/802
f 1054/3175/803 1040/3176/803 1042/3177/803
f 1053/3178/804 1041/3179/804 1039/3180/804
f 1041/3181/805 1043/3182/805 1044/3183/805
f 1041/3181/805 1044/3183/805 1042/3184/805
f 1054/3185/806 1042/3186/806 1044/3187/806
f 1053/3188/807 1043/3189/807 1041/3190/807
f 1043/3191/808 1045/3192/808 1046/3193/808
f 1043/3191/808 1046/3193/808 1044/3194/808
f 1054/3195/809 1044/3196/809 1046/3197/809
f 1053/3198/810 1045/3199/810 1043/3200/810
f 1045/3201/811 1047/3202/811 1048/3203/811
f 1045/3201/811 1048/3203/811 1046/3204/811
f 1054/3205/812 1046/3206/812 1048/3207/812
f 1053/3208/813 1047/3209/813 1045/3210/813
f 1047/3211/814 1049/3212/814 1050/3213/814
f 1047/3211/814 1050/3213/814 1048/3214/814
f 1054/3215/815 1048/3216/815 1050/3217/815
f 1053/3218/816 1049/3219/816 1047/3220/816
f 1049/3221/817 1051/3222/817 1052/3223/817
f 1049/3221/817 1052/3223/817 1050/3224/817
f 1054/3225/818 1050/3226/818 1052/3227/818
f 1053/3228/819 1051/3229/819 1049/3230/819
f 1051/3231/820 1037/3232/820 1038/3233/820
f 1051/3231/820 1038/3233/820 1052/3234/820
f 1054/3235/821 1052/3236/821 1038/3237/821
f 1053/3238/822 1037/3239/822 1051/3240/822
f 1055/3241/823 1057/3242/823 1058/3243/823
f 1055/3241/823 1058/3243/823 1056/3244/823
f 1072/3245/824 1056/3246/824 1058/3247/824
f 1071/3248/825 1057/3249/825 1055/3250/825
f 1057/3251/826 1059/3252/826 1060/3253/826
f 1057/3251/826 1060/3253/826 1058/3254/826
f 1072/3255/827 1058/3256/827 1060/3257/827
f 1071/3258/828 1059/3259/828 1057/3260/828
f 1059/3261/829 1061/3262/829 1062/3263/829
f 1059/3261/829 1062/3263/829 1060/3264/829
f 1072/3265/830 1060/3266/830 1062/3267/830
f 1071/3268/831 1061/3269/831 1059/3270/831
f 1061/3271/832 1063/3272/832 1064/3273/832
f 1061/3271/832 1064/3273/832 1062/3274/832
f 1072/3275/833 1062/3276/833 1064/3277/833
f 1071/3278/834 1063/3279/834 1061/3280/834
f 1063/3281/835 1065/3282/835 1066/3283/835
f 1063/3281/835 1066/3283/835 1064/3284/835
f 1072/3285/836 1064/3286/836 1066/3287/836
f 1071/3288/837 1065/3289/837 1063/3290/837
f 1065/3291/838 1067/3292/838 1068/3293/838
f 1065/3291/838 1068/3293/838 1066/3294/838
f 1072/3295/839 1066/3296/839 1068/3297/839
f 1071/3298/840 1067/3299/840 1065/3300/840
f 1067/3301/841 1069/3302/841 1070/3303/841
f 1067/3301/841 1070/3303/841 1068/3304/841
f 1072/3305/842 1068/3306/842 1070/3307/842
f 1071/3308/843 1069/3309/843 1067/3310/843
f 1069/3311/844 1055/3312/844 1056/3313/844
f 1069/3311/844 1056/3313/844 1070/3314/844
f 1072/3315/845 1070/3316/845 1056/3317/845
f 1071/3318/846 1055/3319/846 1069/3320/846
f 1073/3321/847 1075/3322/847 1076/3323/847
f 1073/3321/847 1076/3323/847 1074/3324/847
f 1090/3325/848 1074/3326/848 1076/3327/848
f 1089/3328/849 1075/3329/849 1073/3330/849
f 1075/3331/850 1077/3332/850 1078/3333/850
f 1075/3331/850 1078/3333/850 1076/3334/850
f 1090/3335/851 1076/3336/851 1078/3337/851
f 1089/3338/852 1077/3339/852 1075/3340/852
f 1077/3341/853 1079/3342/853 1080/3343/853
f 1077/3341/853 1080/3343/853 1078/3344/853
f 1090/3345/854 1078/3346/854 1080/3347/854
f 1089/3348/855 1079/3349/855 1077/3350/855
f 1079/3351/856 1081/3352/856 1082/3353/856
f 1079/3351/856 1082/3353/856 1080/3354/856
f 1090/3355/857 1080/3356/857 1082/3357/857
f 1089/3358/858 1081/3359/858 1079/3360/858
f 1081/3361/859 1083/3362/859 1084/3363/859
f 1081/3361/859 1084/3363/859 1082/3364/859
f 1090/3365/860 1082/3366/860 1084/3367/860
f 1089/3368/861 1083/3369/861 1081/3370/861
f 1083/3371/862 1085/3372/862 1086/3373/862
f 1083/3371/862 1086/3373/862 1084/3374/862
f 1090/3375/863 1084/3376/863 1086/3377/863
f 1089/3378/864 1085/3379/864 1083/3380/864
f 1085/3381/865 1087/3382/865 1088/3383/865
f 1085/3381/865 1088/3383/865 1086/3384/865
f 1090/3385/866 1086/3386/866 1088/3387/866
f 1089/3388/867 1087/3389/867 1085/3390/867
f 1087/3391/868 1073/3392/868 1074/3393/868
f 1087/3391/868 1074/3393/868 1088/3394/868
f 1090/3395/869 1088/3396/869 1074/3397/869
f 1089/3398/870 1073/3399/870 1087/3400/870
f 1091/3401/871 1093/3402/871 1094/3403/871
f 1091/3401/871 1094/3403/871 1092/3404/871
f 1108/3405/872 1092/3406/872 1094/3407/872
f 1107/3408/873 1093/3409/873 1091/3410/873
f 1093/3411/874 1095/3412/874 1096/3413/874
f 1093/3411/874 1096/3413/874 1094/3414/874
f 1108/3415/875 1094/3416/875 1096/3417/875
f 1107/3418/876 1095/3419/876 1093/3420/876
f 1095/3421/877 1097/3422/877 1098/3423/877
f 1095/3421/877 1098/3423/877 1096/3424/877
f 1108/3425/878 1096/3426/878 1098/3427/878
f 1107/3428/879 1097/3429/879 1095/3430/879
f 1097/3431/880 1099/3432/880 1100/3433/880
f 1097/3431/880 1100/3433/880 1098/3434/880
f 1108/3435/881 1098/3436/881 1100/3437/881
f 1107/3438/882 1099/3439/882 1097/3440/882
f 1099/3441/883 1101/3442/883 1102/3443/883
f 1099/3441/883 1102/3443/883 1100/3444/883
f 1108/3445/884 1100/3446/884 1102/3447/884
f 1107/3448/885 1101/3449/885 1099/3450/885
f 1101/3451/886 1103/3452/886 1104/3453/886
f 1101/3451/886 1104/3453/886 1102/3454/886
f 1108/3455/887 1102/3456/887 1104/3457/887
f 1107/3458/888 1103/3459/888 1101/3460/888
f 1103/3461/889 1105/3462/889 1106/3463/889
f 1103/3461/889 1106/3463/889 1104/3464/889
f 1108/3465/890 1104/3466/890 1106/3467/890
f 1107/3468/891 1105/3469/891 1103/3470/891
f 1105/3471/892 1091/3472/892 1092/3473/892
f 1105/3471/892 1092/3473/892 1106/3474/892
f 1108/3475/893 1106/3476/893 1092/3477/893
f 1107/3478/894 1091/3479/894 1105/3480/894
f 1109/3481/895 1111/3482/895 1112/3483/895
f 1109/3481/895 1112/3483/895 1110/3484/895
f 1126/3485/896 1110/3486/896 1112/3487/896
f 1125/3488/897 1111/3489/897 1109/3490/897
f 1111/3491/898 1113/3492/898 1114/3493/898
f 1111/3491/898 1114/3493/898 1112/3494/898
f 1126/3495/899 1112/3496/899 1114/3497/899
f 1125/3498/900 1113/3499/900 1111/3500/900
f 1113/3501/901 1115/3502/901 1116/3503/901
f 1113/3501/901 1116/3503/901 1114/3504/901
f 1126/3505/902 1114/3506/902 1116/3507/902
f 1125/3508/903 1115/3509/903 1113/3510/903
f 1115/3511/904 1117/3512/904 1118/3513/904
f 1115/3511/904 1118/3513/904 1116/3514/904
f 1126/3515/905 1116/3516/905 1118/3517/905
f 1125/3518/906 1117/3519/906 1115/3520/906
f 1117/3521/907 1119/3522/907 1120/3523/907
f 1117/3521/907 1120/3523/907 1118/3524/907
f 1126/3525/908 1118/3526/908 1120/3527/908
f 1125/3528/909 1119/3529/909 1117/3530/909
f 1119/3531/910 1121/3532/910 1122/3533/910
f 1119/3531/910 1122/3533/910 1120/3534/910
f 1126/3535/911 1120/3536/911 1122/3537/911
f 1125/3538/912 1121/3539/912 1119/3540/912
f 1121/3541/913 1123/3542/913 1124/3543/913
f 1121/3541/913 1124/3543/913 1122/3544/913
f 1126/3545/914 1122/3546/914 1124/3547/914
f 1125/3548/915 1123/3549/915 1121/3550/915
f 1123/3551/916 1109/3552/916 1110/3553/916
f 1123/3551/916 1110/3553/916 1124/3554/916
f 1126/3555/917 1124/3556/917 1110/3557/917
f 1125/3558/918 1109/3559/918 1123/3560/918
f 1127/3561/919 1129/3562/919 1130/3563/919
f 1127/3561/919 1130/3563/919 1128/3564/919
f 1144/3565/920 1128/3566/920 1130/3567/920
f 1143/3568/921 1129/3569/921 1127/3570/921
f 1129/3571/922 1131/3572/922 1132/3573/922
f 1129/3571/922 1132/3573/922 1130/3574/922
f 1144/3575/923 1130/3576/923 1132/3577/923
f 1143/3578/924 1131/3579/924 1129/3580/924
f 1131/3581/925 1133/3582/925 1134/3583/925
f 1131/3581/925 1134/3583/925 1132/3584/925
f 1144/3585/926 1132/3586/926 1134/3587/926
f 1143/3588/927 1133/3589/927 1131/3590/927
f 1133/3591/928 1135/3592/928 1136/3593/928
f 1133/3591/928 1136/3593/928 1134/3594/928
f 1144/3595/929 1134/3596/929 1136/3597/929
f 1143/3598/930 1135/3599/930 1133/3600/930
f 1135/3601/931 1137/3602/931 1138/3603/931
f 1135/3601/931 1138/3603/931 1136/3604/931
f 1144/3605/932 1136/3606/932 1138/3607/932
f 1143/3608/933 1137/3609/933 1135/3610/933
f 1137/3611/934 1139/3612/934 1140/3613/934
f 1137/3611/934 1140/3613/934 1138/3614/934
f 1144/3615/935 1138/3616/935 1140/3617/935
f 1143/3618/936 1139/3619/936 1137/3620/936
f 1139/3621/937 1141/3622/937 1142/3623/937
f 1139/3621/937 1142/3623/937 1140/3624/937
f 1144/3625/938 1140/3626/938 1142/3627/938
f 1143/3628/939 1141/3629/939 1139/3630/939
f 1141/3631/940 1127/3632/940 1128/3633/940
f 1141/3631/940 1128/3633/940 1142/3634/940
f 1144/3635/941 1142/3636/941 1128/3637/941
f 1143/3638/942 1127/3639/942 1141/3640/942
